--
-- PostgreSQL database dump
--

\restrict 0MYA8LvuVc0M3zm192JU41WG8ZwcFjkOSfQZlkDuFWKjYsu1YzeI3quntHMousv

-- Dumped from database version 18.0
-- Dumped by pg_dump version 18.0

SET statement_timeout = 0;
SET lock_timeout = 0;
SET idle_in_transaction_session_timeout = 0;
SET transaction_timeout = 0;
SET client_encoding = 'UTF8';
SET standard_conforming_strings = on;
SELECT pg_catalog.set_config('search_path', '', false);
SET check_function_bodies = false;
SET xmloption = content;
SET client_min_messages = warning;
SET row_security = off;

SET default_tablespace = '';

SET default_table_access_method = heap;

--
-- Name: candidate_leader; Type: TABLE; Schema: public; Owner: postgres
--

CREATE TABLE public.candidate_leader (
    candidate_id integer NOT NULL,
    leader_id integer NOT NULL
);


ALTER TABLE public.candidate_leader OWNER TO postgres;

--
-- Name: candidate_voter; Type: TABLE; Schema: public; Owner: postgres
--

CREATE TABLE public.candidate_voter (
    id integer NOT NULL,
    voter_id integer NOT NULL,
    candidate_id integer NOT NULL,
    leader_id integer,
    "createdAt" timestamp without time zone DEFAULT CURRENT_TIMESTAMP,
    "updatedAt" timestamp without time zone DEFAULT CURRENT_TIMESTAMP
);


ALTER TABLE public.candidate_voter OWNER TO postgres;

--
-- Name: candidate_voter_id_seq; Type: SEQUENCE; Schema: public; Owner: postgres
--

CREATE SEQUENCE public.candidate_voter_id_seq
    AS integer
    START WITH 1
    INCREMENT BY 1
    NO MINVALUE
    NO MAXVALUE
    CACHE 1;


ALTER SEQUENCE public.candidate_voter_id_seq OWNER TO postgres;

--
-- Name: candidate_voter_id_seq; Type: SEQUENCE OWNED BY; Schema: public; Owner: postgres
--

ALTER SEQUENCE public.candidate_voter_id_seq OWNED BY public.candidate_voter.id;


--
-- Name: candidates; Type: TABLE; Schema: public; Owner: postgres
--

CREATE TABLE public.candidates (
    id integer NOT NULL,
    name character varying NOT NULL,
    party character varying NOT NULL,
    number integer NOT NULL,
    corporation_id integer NOT NULL,
    "createdAt" timestamp without time zone DEFAULT now() NOT NULL,
    "updatedAt" timestamp without time zone DEFAULT now() NOT NULL
);


ALTER TABLE public.candidates OWNER TO postgres;

--
-- Name: candidates_id_seq; Type: SEQUENCE; Schema: public; Owner: postgres
--

CREATE SEQUENCE public.candidates_id_seq
    AS integer
    START WITH 1
    INCREMENT BY 1
    NO MINVALUE
    NO MAXVALUE
    CACHE 1;


ALTER SEQUENCE public.candidates_id_seq OWNER TO postgres;

--
-- Name: candidates_id_seq; Type: SEQUENCE OWNED BY; Schema: public; Owner: postgres
--

ALTER SEQUENCE public.candidates_id_seq OWNED BY public.candidates.id;


--
-- Name: corporations; Type: TABLE; Schema: public; Owner: postgres
--

CREATE TABLE public.corporations (
    id integer NOT NULL,
    name character varying NOT NULL,
    "createdAt" timestamp without time zone DEFAULT now() NOT NULL,
    "updatedAt" timestamp without time zone DEFAULT now() NOT NULL
);


ALTER TABLE public.corporations OWNER TO postgres;

--
-- Name: corporations_id_seq; Type: SEQUENCE; Schema: public; Owner: postgres
--

CREATE SEQUENCE public.corporations_id_seq
    AS integer
    START WITH 1
    INCREMENT BY 1
    NO MINVALUE
    NO MAXVALUE
    CACHE 1;


ALTER SEQUENCE public.corporations_id_seq OWNER TO postgres;

--
-- Name: corporations_id_seq; Type: SEQUENCE OWNED BY; Schema: public; Owner: postgres
--

ALTER SEQUENCE public.corporations_id_seq OWNED BY public.corporations.id;


--
-- Name: departments; Type: TABLE; Schema: public; Owner: postgres
--

CREATE TABLE public.departments (
    id integer NOT NULL,
    name character varying NOT NULL,
    code character varying,
    "createdAt" timestamp without time zone DEFAULT now() NOT NULL,
    "updatedAt" timestamp without time zone DEFAULT now() NOT NULL
);


ALTER TABLE public.departments OWNER TO postgres;

--
-- Name: departments_id_seq; Type: SEQUENCE; Schema: public; Owner: postgres
--

CREATE SEQUENCE public.departments_id_seq
    AS integer
    START WITH 1
    INCREMENT BY 1
    NO MINVALUE
    NO MAXVALUE
    CACHE 1;


ALTER SEQUENCE public.departments_id_seq OWNER TO postgres;

--
-- Name: departments_id_seq; Type: SEQUENCE OWNED BY; Schema: public; Owner: postgres
--

ALTER SEQUENCE public.departments_id_seq OWNED BY public.departments.id;


--
-- Name: leaders; Type: TABLE; Schema: public; Owner: postgres
--

CREATE TABLE public.leaders (
    id integer NOT NULL,
    name character varying NOT NULL,
    document character varying NOT NULL,
    municipality character varying NOT NULL,
    phone character varying NOT NULL,
    "createdAt" timestamp without time zone DEFAULT now() NOT NULL,
    "updatedAt" timestamp without time zone DEFAULT now() NOT NULL
);


ALTER TABLE public.leaders OWNER TO postgres;

--
-- Name: leaders_id_seq; Type: SEQUENCE; Schema: public; Owner: postgres
--

CREATE SEQUENCE public.leaders_id_seq
    AS integer
    START WITH 1
    INCREMENT BY 1
    NO MINVALUE
    NO MAXVALUE
    CACHE 1;


ALTER SEQUENCE public.leaders_id_seq OWNER TO postgres;

--
-- Name: leaders_id_seq; Type: SEQUENCE OWNED BY; Schema: public; Owner: postgres
--

ALTER SEQUENCE public.leaders_id_seq OWNED BY public.leaders.id;


--
-- Name: municipalities; Type: TABLE; Schema: public; Owner: postgres
--

CREATE TABLE public.municipalities (
    id integer NOT NULL,
    name character varying NOT NULL,
    code character varying,
    "departmentId" integer NOT NULL,
    "createdAt" timestamp without time zone DEFAULT now() NOT NULL,
    "updatedAt" timestamp without time zone DEFAULT now() NOT NULL
);


ALTER TABLE public.municipalities OWNER TO postgres;

--
-- Name: municipalities_id_seq; Type: SEQUENCE; Schema: public; Owner: postgres
--

CREATE SEQUENCE public.municipalities_id_seq
    AS integer
    START WITH 1
    INCREMENT BY 1
    NO MINVALUE
    NO MAXVALUE
    CACHE 1;


ALTER SEQUENCE public.municipalities_id_seq OWNER TO postgres;

--
-- Name: municipalities_id_seq; Type: SEQUENCE OWNED BY; Schema: public; Owner: postgres
--

ALTER SEQUENCE public.municipalities_id_seq OWNED BY public.municipalities.id;


--
-- Name: users; Type: TABLE; Schema: public; Owner: postgres
--

CREATE TABLE public.users (
    id integer NOT NULL,
    email character varying NOT NULL,
    password character varying NOT NULL,
    "createdAt" timestamp without time zone DEFAULT now() NOT NULL,
    "updatedAt" timestamp without time zone DEFAULT now() NOT NULL
);


ALTER TABLE public.users OWNER TO postgres;

--
-- Name: users_id_seq; Type: SEQUENCE; Schema: public; Owner: postgres
--

CREATE SEQUENCE public.users_id_seq
    AS integer
    START WITH 1
    INCREMENT BY 1
    NO MINVALUE
    NO MAXVALUE
    CACHE 1;


ALTER SEQUENCE public.users_id_seq OWNER TO postgres;

--
-- Name: users_id_seq; Type: SEQUENCE OWNED BY; Schema: public; Owner: postgres
--

ALTER SEQUENCE public.users_id_seq OWNED BY public.users.id;


--
-- Name: voters; Type: TABLE; Schema: public; Owner: postgres
--

CREATE TABLE public.voters (
    id integer NOT NULL,
    "firstName" character varying NOT NULL,
    "lastName" character varying NOT NULL,
    identification character varying NOT NULL,
    gender character varying,
    "bloodType" character varying,
    "birthDate" date,
    phone character varying,
    neighborhood character varying,
    email character varying,
    occupation character varying,
    "votingLocation" character varying NOT NULL,
    "votingBooth" character varying NOT NULL,
    "politicalStatus" character varying,
    "createdAt" timestamp without time zone DEFAULT now() NOT NULL,
    "updatedAt" timestamp without time zone DEFAULT now() NOT NULL,
    address character varying,
    "departmentId" integer,
    "municipalityId" integer
);


ALTER TABLE public.voters OWNER TO postgres;

--
-- Name: voters_id_seq; Type: SEQUENCE; Schema: public; Owner: postgres
--

CREATE SEQUENCE public.voters_id_seq
    AS integer
    START WITH 1
    INCREMENT BY 1
    NO MINVALUE
    NO MAXVALUE
    CACHE 1;


ALTER SEQUENCE public.voters_id_seq OWNER TO postgres;

--
-- Name: voters_id_seq; Type: SEQUENCE OWNED BY; Schema: public; Owner: postgres
--

ALTER SEQUENCE public.voters_id_seq OWNED BY public.voters.id;


--
-- Name: candidate_voter id; Type: DEFAULT; Schema: public; Owner: postgres
--

ALTER TABLE ONLY public.candidate_voter ALTER COLUMN id SET DEFAULT nextval('public.candidate_voter_id_seq'::regclass);


--
-- Name: candidates id; Type: DEFAULT; Schema: public; Owner: postgres
--

ALTER TABLE ONLY public.candidates ALTER COLUMN id SET DEFAULT nextval('public.candidates_id_seq'::regclass);


--
-- Name: corporations id; Type: DEFAULT; Schema: public; Owner: postgres
--

ALTER TABLE ONLY public.corporations ALTER COLUMN id SET DEFAULT nextval('public.corporations_id_seq'::regclass);


--
-- Name: departments id; Type: DEFAULT; Schema: public; Owner: postgres
--

ALTER TABLE ONLY public.departments ALTER COLUMN id SET DEFAULT nextval('public.departments_id_seq'::regclass);


--
-- Name: leaders id; Type: DEFAULT; Schema: public; Owner: postgres
--

ALTER TABLE ONLY public.leaders ALTER COLUMN id SET DEFAULT nextval('public.leaders_id_seq'::regclass);


--
-- Name: municipalities id; Type: DEFAULT; Schema: public; Owner: postgres
--

ALTER TABLE ONLY public.municipalities ALTER COLUMN id SET DEFAULT nextval('public.municipalities_id_seq'::regclass);


--
-- Name: users id; Type: DEFAULT; Schema: public; Owner: postgres
--

ALTER TABLE ONLY public.users ALTER COLUMN id SET DEFAULT nextval('public.users_id_seq'::regclass);


--
-- Name: voters id; Type: DEFAULT; Schema: public; Owner: postgres
--

ALTER TABLE ONLY public.voters ALTER COLUMN id SET DEFAULT nextval('public.voters_id_seq'::regclass);


--
-- Data for Name: candidate_leader; Type: TABLE DATA; Schema: public; Owner: postgres
--

COPY public.candidate_leader (candidate_id, leader_id) FROM stdin;
6	1
7	1
3	1
6	2
7	2
3	2
6	3
7	3
3	3
6	4
7	4
3	4
6	5
7	5
3	5
6	6
7	6
3	6
6	7
7	7
1	7
6	8
7	8
1	8
6	9
7	9
1	9
6	10
7	10
4	10
6	11
7	11
4	11
6	12
7	12
1	12
6	13
7	13
4	13
6	14
7	14
2	14
6	15
7	15
2	15
6	16
7	16
4	16
6	17
7	17
4	17
6	18
7	18
3	18
6	19
7	19
4	19
6	20
7	20
4	20
6	21
7	21
3	21
6	22
7	22
1	22
6	23
7	23
1	23
6	24
7	24
1	24
7	25
7	26
4	26
7	27
7	28
3	28
7	29
3	29
6	30
7	30
1	30
6	31
7	31
1	31
6	32
7	32
1	32
6	33
7	33
1	33
6	34
7	34
1	34
\.


--
-- Data for Name: candidate_voter; Type: TABLE DATA; Schema: public; Owner: postgres
--

COPY public.candidate_voter (id, voter_id, candidate_id, leader_id, "createdAt", "updatedAt") FROM stdin;
1	1	6	18	2026-01-31 20:23:03.702608	2026-01-31 20:23:03.702608
2	1	3	18	2026-01-31 20:23:03.705972	2026-01-31 20:23:03.705972
\.


--
-- Data for Name: candidates; Type: TABLE DATA; Schema: public; Owner: postgres
--

COPY public.candidates (id, name, party, number, corporation_id, "createdAt", "updatedAt") FROM stdin;
1	NELLO ZABARAIN	Partido Verde	16	1	2026-01-28 04:26:36.336075	2026-01-28 04:26:36.336075
2	JOSE MACEA	Partido Verde	15	1	2026-01-28 04:27:58.902113	2026-01-28 04:27:58.902113
3	ALVARO MONEDERO	Partido Liberal	15	1	2026-01-28 04:28:35.221904	2026-01-28 04:28:35.221904
4	VIVIANA BLELL	Partido Conservador	21	1	2026-01-28 04:29:06.873564	2026-01-28 04:29:06.873564
5	MARIA PAZ GAVIRIA	Partido Liberal	100	1	2026-01-28 04:29:49.423045	2026-01-28 04:29:49.423045
6	LUIS RAMIRO RICARDO	Partido Asomontemeria	501	3	2026-01-28 04:31:36.083613	2026-01-28 04:31:36.083613
7	ALEJANDRO DE LA OSSA	Partido La Fuerza	101	2	2026-01-28 04:32:45.854608	2026-01-28 04:32:45.854608
\.


--
-- Data for Name: corporations; Type: TABLE DATA; Schema: public; Owner: postgres
--

COPY public.corporations (id, name, "createdAt", "updatedAt") FROM stdin;
1	Senado	2026-01-28 04:22:29.090278	2026-01-28 04:22:29.090278
2	Camara	2026-01-28 04:24:13.140847	2026-01-28 04:24:13.140847
3	CITREP	2026-01-28 04:24:35.160278	2026-01-28 04:24:35.160278
\.


--
-- Data for Name: departments; Type: TABLE DATA; Schema: public; Owner: postgres
--

COPY public.departments (id, name, code, "createdAt", "updatedAt") FROM stdin;
1	Amazonas	\N	2026-01-31 18:13:47.698945	2026-01-31 18:13:47.698945
2	Antioquia	\N	2026-01-31 18:13:47.730253	2026-01-31 18:13:47.730253
3	Arauca	\N	2026-01-31 18:13:47.74006	2026-01-31 18:13:47.74006
4	Atlántico	\N	2026-01-31 18:13:47.748231	2026-01-31 18:13:47.748231
5	Bolívar	\N	2026-01-31 18:13:47.75709	2026-01-31 18:13:47.75709
6	Boyacá	\N	2026-01-31 18:13:47.774615	2026-01-31 18:13:47.774615
7	Caldas	\N	2026-01-31 18:13:47.783057	2026-01-31 18:13:47.783057
8	Caquetá	\N	2026-01-31 18:13:47.79111	2026-01-31 18:13:47.79111
9	Casanare	\N	2026-01-31 18:13:47.800643	2026-01-31 18:13:47.800643
10	Cauca	\N	2026-01-31 18:13:47.810871	2026-01-31 18:13:47.810871
11	Cesar	\N	2026-01-31 18:13:47.819379	2026-01-31 18:13:47.819379
12	Chocó	\N	2026-01-31 18:13:47.824743	2026-01-31 18:13:47.824743
13	Córdoba	\N	2026-01-31 18:13:47.828533	2026-01-31 18:13:47.828533
14	Cundinamarca	\N	2026-01-31 18:13:47.834614	2026-01-31 18:13:47.834614
15	Guainía	\N	2026-01-31 18:13:47.841654	2026-01-31 18:13:47.841654
16	Guaviare	\N	2026-01-31 18:13:47.845819	2026-01-31 18:13:47.845819
17	Huila	\N	2026-01-31 18:13:47.855599	2026-01-31 18:13:47.855599
18	La Guajira	\N	2026-01-31 18:13:47.860954	2026-01-31 18:13:47.860954
19	Magdalena	\N	2026-01-31 18:13:47.873781	2026-01-31 18:13:47.873781
20	Meta	\N	2026-01-31 18:13:47.878722	2026-01-31 18:13:47.878722
21	Nariño	\N	2026-01-31 18:13:47.88518	2026-01-31 18:13:47.88518
22	Norte de Santander	\N	2026-01-31 18:13:47.890545	2026-01-31 18:13:47.890545
23	Putumayo	\N	2026-01-31 18:13:47.893999	2026-01-31 18:13:47.893999
24	Quindío	\N	2026-01-31 18:13:47.898047	2026-01-31 18:13:47.898047
25	Risaralda	\N	2026-01-31 18:13:47.905608	2026-01-31 18:13:47.905608
26	San Andrés y Providencia	\N	2026-01-31 18:13:47.910148	2026-01-31 18:13:47.910148
27	Santander	\N	2026-01-31 18:13:47.91355	2026-01-31 18:13:47.91355
28	Sucre	\N	2026-01-31 18:13:47.921752	2026-01-31 18:13:47.921752
29	Tolima	\N	2026-01-31 18:13:47.924999	2026-01-31 18:13:47.924999
30	Vaupés	\N	2026-01-31 18:13:47.928892	2026-01-31 18:13:47.928892
31	Vichada	\N	2026-01-31 18:13:47.941556	2026-01-31 18:13:47.941556
32	Valle del Cauca	\N	2026-01-31 18:13:47.947607	2026-01-31 18:13:47.947607
\.


--
-- Data for Name: leaders; Type: TABLE DATA; Schema: public; Owner: postgres
--

COPY public.leaders (id, name, document, municipality, phone, "createdAt", "updatedAt") FROM stdin;
1	HELMAR MENDOZA	1888116	OVEJAS	3103814496	2026-01-28 04:39:16.692673	2026-01-28 04:39:16.692673
2	RAMIRO TAPIA	1101815743	OVEJAS	3104185836	2026-01-28 04:39:16.710243	2026-01-28 04:39:16.710243
3	FERNEY BENITEZ	1101814600	OVEJAS	3123175442	2026-01-28 04:39:16.71602	2026-01-28 04:39:16.71602
4	JONATAN BETIN	1101819246	OVEJAS	3215501919	2026-01-28 04:39:16.723497	2026-01-28 04:39:16.723497
5	ELSON ARANATES ACOSTA RIVERO	1888032	OVEJAS	3242186015	2026-01-28 04:39:16.731537	2026-01-28 04:39:16.731537
6	BERTONIS DE LA ROSA	1888127	OVEJAS	3016510045	2026-01-28 04:39:16.739769	2026-01-28 04:39:16.739769
7	JOSE RAMIRO PULGAR ALVAREZ	1888090	OVEJAS	3004603704	2026-01-28 04:39:16.745463	2026-01-28 04:39:16.745463
8	GILBERTO CARLOS MANJARRES MEZA	1102803329	OVEJAS	3008111845	2026-01-28 04:39:16.749773	2026-01-28 04:39:16.749773
9	ISMAEL CARLOS SIERRA TORRES	1888121	OVEJAS	3202979251	2026-01-28 04:39:16.755299	2026-01-28 04:39:16.755299
10	NESTOR ENRIQUE GARCIA ARRIETA	1102801828	OVEJAS	3116739295	2026-01-28 04:39:16.761024	2026-01-28 04:39:16.761024
11	ALVARO ENRIQUE VITOLA TERAN	1887727	OVEJAS	3103613152	2026-01-28 04:39:16.767492	2026-01-28 04:39:16.767492
12	PABLO ANTONIO CENTENO CORTEZ	92128741	OVEJAS	3005261321	2026-01-28 04:39:16.77297	2026-01-28 04:39:16.77297
13	ANIBAL JOSE GONZALEZ GARRIDO	1888015	OVEJAS	3007970434	2026-01-28 04:39:16.779317	2026-01-28 04:39:16.779317
14	ALEX ANGULO RIVERO	1102148601	OVEJAS	3145063528	2026-01-28 04:39:16.785057	2026-01-28 04:39:16.785057
15	JOAQUIN ANTONIO GONZALEZ CONTRERAS	1887901	OVEJAS	3103905217	2026-01-28 04:39:16.790823	2026-01-28 04:39:16.790823
16	BETSABE SEGUNDO BLANCO BENITEZ	1887681	OVEJAS	3024188532	2026-01-28 04:39:16.796287	2026-01-28 04:39:16.796287
17	OSCAR ANIBAL NARVAEZ OVIEDO	1101812419	OVEJAS	3105488048	2026-01-28 04:39:16.80209	2026-01-28 04:39:16.80209
18	HARLINTON GARCIA BARRETO	1887822	OVEJAS	3126363991	2026-01-28 04:39:16.807224	2026-01-28 04:39:16.807224
19	CARLOS ROBERTO ARAQUE GAMBOA	1101814403	OVEJAS	3043973417	2026-01-28 04:39:16.814241	2026-01-28 04:39:16.814241
20	JORGE LUIS HERRERA MENDOZA	3921096	OVEJAS	3148833300	2026-01-28 04:39:16.821513	2026-01-28 04:39:16.821513
21	JOSE NOVOA TRUJILLO	8722160	OVEJAS	3016753661	2026-01-28 04:39:16.827363	2026-01-28 04:39:16.827363
22	FREDY ANTONIO JARABA CAUSADO	1888042	OVEJAS	3145034999	2026-01-28 04:39:16.832087	2026-01-28 04:39:16.832087
23	JOSE RICARDO RODRIGUEZ	92499068	OVEJAS	3046442171	2026-01-28 04:39:16.836681	2026-01-28 04:39:16.836681
24	RAFAEL FRANCISCO MEDINA OSORIO	9307740	OVEJAS	3015921941	2026-01-28 04:39:16.84082	2026-01-28 04:39:16.84082
25	SILVANO VERGARA DIAZ	3959494	SAN MARCOS	3116516862	2026-01-28 04:39:16.845965	2026-01-28 04:39:16.845965
26	VLADIMIR ZURITA	1085926581	SAN MARCOS	3104921217	2026-01-28 04:39:16.850541	2026-01-28 04:39:16.850541
27	JAIRO JOSE HERNANDEZ SAENZ	1018502694	SAN MARCOS	3147784204	2026-01-28 04:39:16.857204	2026-01-28 04:39:16.857204
28	JESUS DIAZ	1876110	BUENAVISTA	3217998340	2026-01-28 04:39:16.86243	2026-01-28 04:39:16.86243
29	JAIRO CARA├æO	7200886	SINCE	3007010517	2026-01-28 04:39:16.869025	2026-01-28 04:39:16.869025
30	PIEDAD PEREZ PELUFFO	6489186	OVEJAS	3145263542	2026-01-28 04:39:16.873184	2026-01-28 04:39:16.873184
31	LUIS GIL PUENTES	1887915	OVEJAS	3207387189	2026-01-28 04:39:16.878478	2026-01-28 04:39:16.878478
32	LINA MARIA PELUFFO RAMIREZ	1101814341	OVEJAS	3215436859	2026-01-28 04:39:16.88283	2026-01-28 04:39:16.88283
33	JUAN MERCADO	1888182	OVEJAS	3145263542	2026-01-28 04:39:16.886703	2026-01-28 04:39:16.886703
34	HOLMAN MERI├æO	7227100	OVEJAS	3206600577	2026-01-28 04:39:16.891635	2026-01-28 04:39:16.891635
\.


--
-- Data for Name: municipalities; Type: TABLE DATA; Schema: public; Owner: postgres
--

COPY public.municipalities (id, name, code, "departmentId", "createdAt", "updatedAt") FROM stdin;
1	LETICIA	\N	1	2026-01-31 18:27:04.977093	2026-01-31 18:27:04.977093
2	PUERTO NARIÑO	\N	1	2026-01-31 18:27:05.004898	2026-01-31 18:27:05.004898
3	EL ENCANTO	\N	1	2026-01-31 18:27:05.011839	2026-01-31 18:27:05.011839
4	LA CHORRERA	\N	1	2026-01-31 18:27:05.019769	2026-01-31 18:27:05.019769
5	LA PEDRERA	\N	1	2026-01-31 18:27:05.028643	2026-01-31 18:27:05.028643
6	LA VICTORIA	\N	1	2026-01-31 18:27:05.039062	2026-01-31 18:27:05.039062
7	MIRITI PARANA	\N	1	2026-01-31 18:27:05.04539	2026-01-31 18:27:05.04539
8	PUERTO SANTANDER	\N	1	2026-01-31 18:27:05.052717	2026-01-31 18:27:05.052717
9	TARAPACA	\N	1	2026-01-31 18:27:05.061147	2026-01-31 18:27:05.061147
10	PUERTO ALEGRIA	\N	1	2026-01-31 18:27:05.071259	2026-01-31 18:27:05.071259
11	PUERTO ARICA	\N	1	2026-01-31 18:27:05.075985	2026-01-31 18:27:05.075985
12	MEDELLIN	\N	2	2026-01-31 18:32:22.783826	2026-01-31 18:32:22.783826
13	ABEJORRAL	\N	2	2026-01-31 18:32:22.798611	2026-01-31 18:32:22.798611
14	ABRIAQUI	\N	2	2026-01-31 18:32:22.804437	2026-01-31 18:32:22.804437
15	ALEJANDRIA	\N	2	2026-01-31 18:32:22.810578	2026-01-31 18:32:22.810578
16	AMAGA	\N	2	2026-01-31 18:32:22.817355	2026-01-31 18:32:22.817355
17	AMALFI	\N	2	2026-01-31 18:32:22.823233	2026-01-31 18:32:22.823233
18	ANDES	\N	2	2026-01-31 18:32:22.832177	2026-01-31 18:32:22.832177
19	ANGELOPOLIS	\N	2	2026-01-31 18:32:22.836865	2026-01-31 18:32:22.836865
20	ANGOSTURA	\N	2	2026-01-31 18:32:22.843422	2026-01-31 18:32:22.843422
21	ANORI	\N	2	2026-01-31 18:32:22.852299	2026-01-31 18:32:22.852299
22	ANTIOQUIA	\N	2	2026-01-31 18:32:22.857324	2026-01-31 18:32:22.857324
23	ANZA	\N	2	2026-01-31 18:32:22.864181	2026-01-31 18:32:22.864181
24	APARTADO	\N	2	2026-01-31 18:32:22.868623	2026-01-31 18:32:22.868623
25	ARBOLETES	\N	2	2026-01-31 18:32:22.873145	2026-01-31 18:32:22.873145
26	ARGELIA	\N	2	2026-01-31 18:32:22.879773	2026-01-31 18:32:22.879773
27	ARMENIA	\N	2	2026-01-31 18:32:22.884282	2026-01-31 18:32:22.884282
28	BARBOSA	\N	2	2026-01-31 18:32:22.888771	2026-01-31 18:32:22.888771
29	BELMIRA	\N	2	2026-01-31 18:32:22.896605	2026-01-31 18:32:22.896605
30	BELLO	\N	2	2026-01-31 18:32:22.901198	2026-01-31 18:32:22.901198
31	BETANIA	\N	2	2026-01-31 18:32:22.905824	2026-01-31 18:32:22.905824
32	BETULIA	\N	2	2026-01-31 18:32:22.913299	2026-01-31 18:32:22.913299
33	BOLIVAR	\N	2	2026-01-31 18:32:22.918765	2026-01-31 18:32:22.918765
34	BURITICA	\N	2	2026-01-31 18:32:22.923303	2026-01-31 18:32:22.923303
35	BRICEÑO	\N	2	2026-01-31 18:32:22.930453	2026-01-31 18:32:22.930453
36	CACERES	\N	2	2026-01-31 18:32:22.934566	2026-01-31 18:32:22.934566
37	CAICEDO	\N	2	2026-01-31 18:32:22.939188	2026-01-31 18:32:22.939188
38	CALDAS	\N	2	2026-01-31 18:32:22.946629	2026-01-31 18:32:22.946629
39	CAMPAMENTO	\N	2	2026-01-31 18:32:22.950886	2026-01-31 18:32:22.950886
40	CAÑASGORDAS	\N	2	2026-01-31 18:32:22.955312	2026-01-31 18:32:22.955312
41	CARACOLI	\N	2	2026-01-31 18:32:22.960686	2026-01-31 18:32:22.960686
42	CARAMANTA	\N	2	2026-01-31 18:32:22.96614	2026-01-31 18:32:22.96614
43	CAREPA	\N	2	2026-01-31 18:32:22.970234	2026-01-31 18:32:22.970234
44	CARMEN DE VIBORAL	\N	2	2026-01-31 18:32:22.974075	2026-01-31 18:32:22.974075
45	CAROLINA	\N	2	2026-01-31 18:32:22.981111	2026-01-31 18:32:22.981111
46	CAUCASIA	\N	2	2026-01-31 18:32:22.985053	2026-01-31 18:32:22.985053
47	CISNEROS	\N	2	2026-01-31 18:32:22.988991	2026-01-31 18:32:22.988991
48	COCORNA	\N	2	2026-01-31 18:32:22.994877	2026-01-31 18:32:22.994877
49	CONCEPCION	\N	2	2026-01-31 18:32:22.999227	2026-01-31 18:32:22.999227
50	CONCORDIA	\N	2	2026-01-31 18:32:23.004111	2026-01-31 18:32:23.004111
51	COPACABANA	\N	2	2026-01-31 18:32:23.014013	2026-01-31 18:32:23.014013
52	CHIGORODO	\N	2	2026-01-31 18:32:23.01855	2026-01-31 18:32:23.01855
53	DABEIBA	\N	2	2026-01-31 18:32:23.023129	2026-01-31 18:32:23.023129
54	DON MATIAS	\N	2	2026-01-31 18:32:23.029915	2026-01-31 18:32:23.029915
55	EBEJICO	\N	2	2026-01-31 18:32:23.034442	2026-01-31 18:32:23.034442
56	EL BAGRE	\N	2	2026-01-31 18:32:23.038852	2026-01-31 18:32:23.038852
57	ENTRERRIOS	\N	2	2026-01-31 18:32:23.04378	2026-01-31 18:32:23.04378
58	ENVIGADO	\N	2	2026-01-31 18:32:23.049755	2026-01-31 18:32:23.049755
59	FREDONIA	\N	2	2026-01-31 18:32:23.054315	2026-01-31 18:32:23.054315
60	FRONTINO	\N	2	2026-01-31 18:32:23.059223	2026-01-31 18:32:23.059223
61	GIRALDO	\N	2	2026-01-31 18:32:23.063891	2026-01-31 18:32:23.063891
62	GIRARDOTA	\N	2	2026-01-31 18:32:23.071984	2026-01-31 18:32:23.071984
63	GOMEZ PLATA	\N	2	2026-01-31 18:32:23.077138	2026-01-31 18:32:23.077138
64	GRANADA	\N	2	2026-01-31 18:32:23.083318	2026-01-31 18:32:23.083318
65	GUADALUPE	\N	2	2026-01-31 18:32:23.08754	2026-01-31 18:32:23.08754
66	GUARNE	\N	2	2026-01-31 18:32:23.092594	2026-01-31 18:32:23.092594
67	GUATAPE	\N	2	2026-01-31 18:32:23.098703	2026-01-31 18:32:23.098703
68	HELICONIA	\N	2	2026-01-31 18:32:23.102996	2026-01-31 18:32:23.102996
69	HISPANIA	\N	2	2026-01-31 18:32:23.106858	2026-01-31 18:32:23.106858
70	ITAGUI	\N	2	2026-01-31 18:32:23.114508	2026-01-31 18:32:23.114508
71	ITUANGO	\N	2	2026-01-31 18:32:23.119157	2026-01-31 18:32:23.119157
72	JARDIN	\N	2	2026-01-31 18:32:23.122868	2026-01-31 18:32:23.122868
73	JERICO	\N	2	2026-01-31 18:32:23.128466	2026-01-31 18:32:23.128466
74	LA CEJA	\N	2	2026-01-31 18:32:23.13454	2026-01-31 18:32:23.13454
75	LA ESTRELLA	\N	2	2026-01-31 18:32:23.138884	2026-01-31 18:32:23.138884
76	PUERTO NARE-LA MAGDALENA	\N	2	2026-01-31 18:32:23.143543	2026-01-31 18:32:23.143543
77	LA UNION	\N	2	2026-01-31 18:32:23.15001	2026-01-31 18:32:23.15001
78	LA PINTADA	\N	2	2026-01-31 18:32:23.153844	2026-01-31 18:32:23.153844
79	LIBORINA	\N	2	2026-01-31 18:32:23.157772	2026-01-31 18:32:23.157772
80	MACEO	\N	2	2026-01-31 18:32:23.164817	2026-01-31 18:32:23.164817
81	MARINILLA	\N	2	2026-01-31 18:32:23.168983	2026-01-31 18:32:23.168983
82	MONTEBELLO	\N	2	2026-01-31 18:32:23.173565	2026-01-31 18:32:23.173565
83	MURINDO	\N	2	2026-01-31 18:32:23.180191	2026-01-31 18:32:23.180191
84	MUTATA	\N	2	2026-01-31 18:32:23.184314	2026-01-31 18:32:23.184314
85	NARIÑO	\N	2	2026-01-31 18:32:23.187914	2026-01-31 18:32:23.187914
86	NECHI	\N	2	2026-01-31 18:32:23.192213	2026-01-31 18:32:23.192213
87	NECOCLI	\N	2	2026-01-31 18:32:23.198385	2026-01-31 18:32:23.198385
88	OLAYA	\N	2	2026-01-31 18:32:23.202404	2026-01-31 18:32:23.202404
89	PEÑOL	\N	2	2026-01-31 18:32:23.206395	2026-01-31 18:32:23.206395
90	PEQUE	\N	2	2026-01-31 18:32:23.212794	2026-01-31 18:32:23.212794
91	PUEBLORRICO	\N	2	2026-01-31 18:32:23.216798	2026-01-31 18:32:23.216798
92	PUERTO BERRIO	\N	2	2026-01-31 18:32:23.221032	2026-01-31 18:32:23.221032
93	PUERTO TRIUNFO	\N	2	2026-01-31 18:32:23.228843	2026-01-31 18:32:23.228843
94	REMEDIOS	\N	2	2026-01-31 18:32:23.233555	2026-01-31 18:32:23.233555
95	RETIRO	\N	2	2026-01-31 18:32:23.237013	2026-01-31 18:32:23.237013
96	RIONEGRO	\N	2	2026-01-31 18:32:23.241855	2026-01-31 18:32:23.241855
98	SABANETA	\N	2	2026-01-31 18:32:23.252166	2026-01-31 18:32:23.252166
99	SALGAR	\N	2	2026-01-31 18:32:23.25608	2026-01-31 18:32:23.25608
100	SAN ANDRES	\N	2	2026-01-31 18:32:23.262107	2026-01-31 18:32:23.262107
101	SAN CARLOS	\N	2	2026-01-31 18:32:23.266435	2026-01-31 18:32:23.266435
102	SAN FRANCISCO	\N	2	2026-01-31 18:32:23.269926	2026-01-31 18:32:23.269926
103	SAN JERONIMO	\N	2	2026-01-31 18:32:23.273574	2026-01-31 18:32:23.273574
104	SAN JOSE DE LA MONTAÑA	\N	2	2026-01-31 18:32:23.278461	2026-01-31 18:32:23.278461
105	SAN JUAN DE URABA	\N	2	2026-01-31 18:32:23.283735	2026-01-31 18:32:23.283735
106	SAN LUIS	\N	2	2026-01-31 18:32:23.287501	2026-01-31 18:32:23.287501
107	SAN PEDRO	\N	2	2026-01-31 18:32:23.291599	2026-01-31 18:32:23.291599
108	SAN PEDRO DE URABA	\N	2	2026-01-31 18:32:23.296402	2026-01-31 18:32:23.296402
109	SAN RAFAEL	\N	2	2026-01-31 18:32:23.300662	2026-01-31 18:32:23.300662
110	SAN ROQUE	\N	2	2026-01-31 18:32:23.305017	2026-01-31 18:32:23.305017
111	SAN VICENTE	\N	2	2026-01-31 18:32:23.311936	2026-01-31 18:32:23.311936
112	SANTA BARBARA	\N	2	2026-01-31 18:32:23.318944	2026-01-31 18:32:23.318944
113	SANTA ROSA DE OSOS	\N	2	2026-01-31 18:32:23.322907	2026-01-31 18:32:23.322907
114	SANTO DOMINGO	\N	2	2026-01-31 18:32:23.329928	2026-01-31 18:32:23.329928
115	SANTUARIO	\N	2	2026-01-31 18:32:23.334461	2026-01-31 18:32:23.334461
116	SEGOVIA	\N	2	2026-01-31 18:32:23.33937	2026-01-31 18:32:23.33937
117	SONSON	\N	2	2026-01-31 18:32:23.347625	2026-01-31 18:32:23.347625
118	SOPETRAN	\N	2	2026-01-31 18:32:23.351853	2026-01-31 18:32:23.351853
119	TAMESIS	\N	2	2026-01-31 18:32:23.356189	2026-01-31 18:32:23.356189
120	TARAZA	\N	2	2026-01-31 18:32:23.368092	2026-01-31 18:32:23.368092
121	TARSO	\N	2	2026-01-31 18:32:23.372375	2026-01-31 18:32:23.372375
122	TITIRIBI	\N	2	2026-01-31 18:32:23.380126	2026-01-31 18:32:23.380126
123	TOLEDO	\N	2	2026-01-31 18:32:23.385929	2026-01-31 18:32:23.385929
124	TURBO	\N	2	2026-01-31 18:32:23.390028	2026-01-31 18:32:23.390028
125	URAMITA	\N	2	2026-01-31 18:32:23.396519	2026-01-31 18:32:23.396519
126	URRAO	\N	2	2026-01-31 18:32:23.40237	2026-01-31 18:32:23.40237
127	VALDIVIA	\N	2	2026-01-31 18:32:23.406476	2026-01-31 18:32:23.406476
128	VALPARAISO	\N	2	2026-01-31 18:32:23.412623	2026-01-31 18:32:23.412623
129	VEGACHI	\N	2	2026-01-31 18:32:23.416839	2026-01-31 18:32:23.416839
130	VIGIA DEL FUERTE	\N	2	2026-01-31 18:32:23.420962	2026-01-31 18:32:23.420962
131	VENECIA	\N	2	2026-01-31 18:32:23.425424	2026-01-31 18:32:23.425424
132	YALI	\N	2	2026-01-31 18:32:23.43173	2026-01-31 18:32:23.43173
133	YARUMAL	\N	2	2026-01-31 18:32:23.435646	2026-01-31 18:32:23.435646
134	YOLOMBO	\N	2	2026-01-31 18:32:23.439715	2026-01-31 18:32:23.439715
135	YONDO-CASABE	\N	2	2026-01-31 18:32:23.446138	2026-01-31 18:32:23.446138
136	ZARAGOZA	\N	2	2026-01-31 18:32:23.450214	2026-01-31 18:32:23.450214
137	ARAUCA	\N	3	2026-01-31 18:36:30.310908	2026-01-31 18:36:30.310908
138	TAME	\N	3	2026-01-31 18:36:30.328593	2026-01-31 18:36:30.328593
139	ARAUQUITA	\N	3	2026-01-31 18:36:30.333737	2026-01-31 18:36:30.333737
140	CRAVO NORTE	\N	3	2026-01-31 18:36:30.34025	2026-01-31 18:36:30.34025
141	FORTUL	\N	3	2026-01-31 18:36:30.344639	2026-01-31 18:36:30.344639
142	PUERTO RONDON	\N	3	2026-01-31 18:36:30.349183	2026-01-31 18:36:30.349183
143	SARAVENA	\N	3	2026-01-31 18:36:30.353161	2026-01-31 18:36:30.353161
144	BARRANQUILLA	\N	4	2026-01-31 18:37:52.898909	2026-01-31 18:37:52.898909
145	BARANOA	\N	4	2026-01-31 18:37:52.927491	2026-01-31 18:37:52.927491
146	CAMPO DE LA CRUZ	\N	4	2026-01-31 18:37:52.946997	2026-01-31 18:37:52.946997
147	CANDELARIA	\N	4	2026-01-31 18:37:52.963811	2026-01-31 18:37:52.963811
148	GALAPA	\N	4	2026-01-31 18:37:52.980557	2026-01-31 18:37:52.980557
149	JUAN DE ACOSTA	\N	4	2026-01-31 18:37:52.99694	2026-01-31 18:37:52.99694
150	LURUACO	\N	4	2026-01-31 18:37:53.014284	2026-01-31 18:37:53.014284
151	MALAMBO	\N	4	2026-01-31 18:37:53.033018	2026-01-31 18:37:53.033018
152	MANATI	\N	4	2026-01-31 18:37:53.050646	2026-01-31 18:37:53.050646
153	PALMAR DE VARELA	\N	4	2026-01-31 18:37:53.067611	2026-01-31 18:37:53.067611
154	PIOJO	\N	4	2026-01-31 18:37:53.084374	2026-01-31 18:37:53.084374
155	POLONUEVO	\N	4	2026-01-31 18:37:53.100471	2026-01-31 18:37:53.100471
156	PONEDERA	\N	4	2026-01-31 18:37:53.118517	2026-01-31 18:37:53.118517
157	PUERTO COLOMBIA	\N	4	2026-01-31 18:37:53.136057	2026-01-31 18:37:53.136057
158	REPELON	\N	4	2026-01-31 18:37:53.154479	2026-01-31 18:37:53.154479
159	SABANAGRANDE	\N	4	2026-01-31 18:37:53.180333	2026-01-31 18:37:53.180333
162	SABANALARGA	\N	2	2026-01-31 18:41:27.851947	2026-01-31 18:41:27.851947
164	SABANALARGA	\N	4	2026-01-31 18:42:23.734387	2026-01-31 18:42:23.734387
165	SANTA LUCIA	\N	4	2026-01-31 18:42:23.753597	2026-01-31 18:42:23.753597
166	SANTO TOMAS	\N	4	2026-01-31 18:42:23.758559	2026-01-31 18:42:23.758559
167	SOLEDAD	\N	4	2026-01-31 18:42:23.764535	2026-01-31 18:42:23.764535
168	SUAN	\N	4	2026-01-31 18:42:23.76993	2026-01-31 18:42:23.76993
169	TUBARA	\N	4	2026-01-31 18:42:23.773937	2026-01-31 18:42:23.773937
170	USIACURI	\N	4	2026-01-31 18:42:23.777834	2026-01-31 18:42:23.777834
171	ACHI	\N	5	2026-01-31 18:45:41.922351	2026-01-31 18:45:41.922351
172	ALTOS DEL ROSARIO	\N	5	2026-01-31 18:45:41.947948	2026-01-31 18:45:41.947948
173	ARENAL	\N	5	2026-01-31 18:45:41.953699	2026-01-31 18:45:41.953699
174	ARJONA	\N	5	2026-01-31 18:45:41.959408	2026-01-31 18:45:41.959408
175	ARROYO HONDO	\N	5	2026-01-31 18:45:41.96412	2026-01-31 18:45:41.96412
176	BARRANCO DE LOBA	\N	5	2026-01-31 18:45:41.968983	2026-01-31 18:45:41.968983
177	CALAMAR	\N	5	2026-01-31 18:45:41.974294	2026-01-31 18:45:41.974294
178	CANTAGALLO	\N	5	2026-01-31 18:45:41.978249	2026-01-31 18:45:41.978249
179	CARTAGENA	\N	5	2026-01-31 18:45:41.982522	2026-01-31 18:45:41.982522
180	CICUCO	\N	5	2026-01-31 18:45:41.988026	2026-01-31 18:45:41.988026
181	CLEMENCIA	\N	5	2026-01-31 18:45:41.993516	2026-01-31 18:45:41.993516
182	CORDOBA	\N	5	2026-01-31 18:45:41.996881	2026-01-31 18:45:41.996881
183	EL CARMEN DE BOLIVAR	\N	5	2026-01-31 18:45:42.000178	2026-01-31 18:45:42.000178
184	EL GUAMO	\N	5	2026-01-31 18:45:42.003526	2026-01-31 18:45:42.003526
185	EL PEÑON	\N	5	2026-01-31 18:45:42.007647	2026-01-31 18:45:42.007647
186	HATILLO DE LOBA	\N	5	2026-01-31 18:45:42.011505	2026-01-31 18:45:42.011505
187	MAGANGUE	\N	5	2026-01-31 18:45:42.014895	2026-01-31 18:45:42.014895
188	MAHATES	\N	5	2026-01-31 18:45:42.018279	2026-01-31 18:45:42.018279
189	MARGARITA	\N	5	2026-01-31 18:45:42.022305	2026-01-31 18:45:42.022305
190	MARIA LA BAJA	\N	5	2026-01-31 18:45:42.026956	2026-01-31 18:45:42.026956
191	MOMPOS	\N	5	2026-01-31 18:45:42.030437	2026-01-31 18:45:42.030437
192	MONTECRISTO	\N	5	2026-01-31 18:45:42.033783	2026-01-31 18:45:42.033783
193	MORALES	\N	5	2026-01-31 18:45:42.037217	2026-01-31 18:45:42.037217
194	NOROSI	\N	5	2026-01-31 18:45:42.041566	2026-01-31 18:45:42.041566
195	PINILLOS	\N	5	2026-01-31 18:45:42.044793	2026-01-31 18:45:42.044793
196	REGIDOR	\N	5	2026-01-31 18:45:42.04802	2026-01-31 18:45:42.04802
197	RIOVIEJO	\N	5	2026-01-31 18:45:42.051243	2026-01-31 18:45:42.051243
198	SAN CRISTOBAL	\N	5	2026-01-31 18:45:42.054666	2026-01-31 18:45:42.054666
199	SAN ESTANISLAO	\N	5	2026-01-31 18:45:42.059227	2026-01-31 18:45:42.059227
200	SAN FERNANDO	\N	5	2026-01-31 18:45:42.062586	2026-01-31 18:45:42.062586
201	SAN JACINTO	\N	5	2026-01-31 18:45:42.065775	2026-01-31 18:45:42.065775
202	SAN JACINTO DEL CAUCA	\N	5	2026-01-31 18:45:42.069295	2026-01-31 18:45:42.069295
203	SAN JUAN NEPOMUCENO	\N	5	2026-01-31 18:45:42.073414	2026-01-31 18:45:42.073414
204	SAN MARTIN DE LOBA	\N	5	2026-01-31 18:45:42.078077	2026-01-31 18:45:42.078077
205	SAN PABLO	\N	5	2026-01-31 18:45:42.081269	2026-01-31 18:45:42.081269
206	SANTA CATALINA	\N	5	2026-01-31 18:45:42.084482	2026-01-31 18:45:42.084482
207	SANTA ROSA	\N	5	2026-01-31 18:45:42.087663	2026-01-31 18:45:42.087663
208	SANTA ROSA DEL SUR	\N	5	2026-01-31 18:45:42.092103	2026-01-31 18:45:42.092103
209	SIMITI	\N	5	2026-01-31 18:45:42.095373	2026-01-31 18:45:42.095373
210	SOPLAVIENTO	\N	5	2026-01-31 18:45:42.098766	2026-01-31 18:45:42.098766
211	TALAIGUA NUEVO	\N	5	2026-01-31 18:45:42.102144	2026-01-31 18:45:42.102144
212	TIQUISIO (PTO. RICO)	\N	5	2026-01-31 18:45:42.106332	2026-01-31 18:45:42.106332
213	TURBACO	\N	5	2026-01-31 18:45:42.110031	2026-01-31 18:45:42.110031
214	TURBANA	\N	5	2026-01-31 18:45:42.113453	2026-01-31 18:45:42.113453
215	VILLANUEVA	\N	5	2026-01-31 18:45:42.116738	2026-01-31 18:45:42.116738
216	ZAMBRANO	\N	5	2026-01-31 18:45:42.119921	2026-01-31 18:45:42.119921
217	Almeida	\N	6	2026-01-31 18:49:14.805899	2026-01-31 18:49:14.805899
218	Aquitania	\N	6	2026-01-31 18:49:14.830196	2026-01-31 18:49:14.830196
219	Arcabuco	\N	6	2026-01-31 18:49:14.835605	2026-01-31 18:49:14.835605
220	Belén	\N	6	2026-01-31 18:49:14.841371	2026-01-31 18:49:14.841371
221	Berbeo	\N	6	2026-01-31 18:49:14.845432	2026-01-31 18:49:14.845432
222	Betéitiva	\N	6	2026-01-31 18:49:14.849625	2026-01-31 18:49:14.849625
223	Boavita	\N	6	2026-01-31 18:49:14.856758	2026-01-31 18:49:14.856758
224	Boyacá	\N	6	2026-01-31 18:49:14.860247	2026-01-31 18:49:14.860247
225	Briceño	\N	6	2026-01-31 18:49:14.864408	2026-01-31 18:49:14.864408
226	Buenavista	\N	6	2026-01-31 18:49:14.870269	2026-01-31 18:49:14.870269
227	Busbanzá	\N	6	2026-01-31 18:49:14.874032	2026-01-31 18:49:14.874032
228	Caldas	\N	6	2026-01-31 18:49:14.877422	2026-01-31 18:49:14.877422
229	Campohermoso	\N	6	2026-01-31 18:49:14.880647	2026-01-31 18:49:14.880647
230	Cerinza	\N	6	2026-01-31 18:49:14.884743	2026-01-31 18:49:14.884743
231	Chinavita	\N	6	2026-01-31 18:49:14.889451	2026-01-31 18:49:14.889451
232	Chiquinquirá	\N	6	2026-01-31 18:49:14.893116	2026-01-31 18:49:14.893116
233	Chíquiza	\N	6	2026-01-31 18:49:14.896308	2026-01-31 18:49:14.896308
234	Chiscas	\N	6	2026-01-31 18:49:14.899509	2026-01-31 18:49:14.899509
235	Chita	\N	6	2026-01-31 18:49:14.90381	2026-01-31 18:49:14.90381
236	Chitaraque	\N	6	2026-01-31 18:49:14.907083	2026-01-31 18:49:14.907083
237	Chivatá	\N	6	2026-01-31 18:49:14.910588	2026-01-31 18:49:14.910588
238	Chivor	\N	6	2026-01-31 18:49:14.913882	2026-01-31 18:49:14.913882
239	Ciénega	\N	6	2026-01-31 18:49:14.917922	2026-01-31 18:49:14.917922
240	Cómbita	\N	6	2026-01-31 18:49:14.921517	2026-01-31 18:49:14.921517
241	Coper	\N	6	2026-01-31 18:49:14.924706	2026-01-31 18:49:14.924706
242	Corrales	\N	6	2026-01-31 18:49:14.927898	2026-01-31 18:49:14.927898
243	Covarachía	\N	6	2026-01-31 18:49:14.931203	2026-01-31 18:49:14.931203
244	Cubará	\N	6	2026-01-31 18:49:14.935321	2026-01-31 18:49:14.935321
245	Cucaita	\N	6	2026-01-31 18:49:14.940053	2026-01-31 18:49:14.940053
246	Cuítiva	\N	6	2026-01-31 18:49:14.943562	2026-01-31 18:49:14.943562
247	Duitama	\N	6	2026-01-31 18:49:14.947108	2026-01-31 18:49:14.947108
248	El Cocuy	\N	6	2026-01-31 18:49:14.951503	2026-01-31 18:49:14.951503
249	El Espino	\N	6	2026-01-31 18:49:14.955908	2026-01-31 18:49:14.955908
250	Firavitoba	\N	6	2026-01-31 18:49:14.959855	2026-01-31 18:49:14.959855
251	Floresta	\N	6	2026-01-31 18:49:14.963188	2026-01-31 18:49:14.963188
252	Gachantivá	\N	6	2026-01-31 18:49:14.966479	2026-01-31 18:49:14.966479
253	Gámeza	\N	6	2026-01-31 18:49:14.970492	2026-01-31 18:49:14.970492
254	Garagoa	\N	6	2026-01-31 18:49:14.97374	2026-01-31 18:49:14.97374
255	Guacamayas	\N	6	2026-01-31 18:49:14.976941	2026-01-31 18:49:14.976941
256	Guateque	\N	6	2026-01-31 18:49:14.98025	2026-01-31 18:49:14.98025
257	Guayatá	\N	6	2026-01-31 18:49:14.984296	2026-01-31 18:49:14.984296
258	Güicán	\N	6	2026-01-31 18:49:14.989692	2026-01-31 18:49:14.989692
259	Iza	\N	6	2026-01-31 18:49:14.992871	2026-01-31 18:49:14.992871
260	Jenesano	\N	6	2026-01-31 18:49:14.996033	2026-01-31 18:49:14.996033
261	Jericó	\N	6	2026-01-31 18:49:14.99917	2026-01-31 18:49:14.99917
262	Labranzagrande	\N	6	2026-01-31 18:49:15.003684	2026-01-31 18:49:15.003684
263	La Capilla	\N	6	2026-01-31 18:49:15.007301	2026-01-31 18:49:15.007301
264	La Uvita	\N	6	2026-01-31 18:49:15.010964	2026-01-31 18:49:15.010964
265	La Victoria	\N	6	2026-01-31 18:49:15.014411	2026-01-31 18:49:15.014411
266	Villa de Leyva	\N	6	2026-01-31 18:49:15.018923	2026-01-31 18:49:15.018923
267	Macanal	\N	6	2026-01-31 18:49:15.022638	2026-01-31 18:49:15.022638
268	Maripí	\N	6	2026-01-31 18:49:15.026336	2026-01-31 18:49:15.026336
269	Miraflores	\N	6	2026-01-31 18:49:15.030078	2026-01-31 18:49:15.030078
270	Mongua	\N	6	2026-01-31 18:49:15.033395	2026-01-31 18:49:15.033395
271	Monguí	\N	6	2026-01-31 18:49:15.038579	2026-01-31 18:49:15.038579
272	Moniquirá	\N	6	2026-01-31 18:49:15.041757	2026-01-31 18:49:15.041757
273	Motavita	\N	6	2026-01-31 18:49:15.044881	2026-01-31 18:49:15.044881
274	Muzo	\N	6	2026-01-31 18:49:15.048028	2026-01-31 18:49:15.048028
275	Nobsa	\N	6	2026-01-31 18:49:15.052072	2026-01-31 18:49:15.052072
276	Nuevo Colón	\N	6	2026-01-31 18:49:15.055356	2026-01-31 18:49:15.055356
277	Oicatá	\N	6	2026-01-31 18:49:15.058608	2026-01-31 18:49:15.058608
278	Otanche	\N	6	2026-01-31 18:49:15.062336	2026-01-31 18:49:15.062336
279	Pachavita	\N	6	2026-01-31 18:49:15.066373	2026-01-31 18:49:15.066373
280	Páez	\N	6	2026-01-31 18:49:15.070563	2026-01-31 18:49:15.070563
281	Paipa	\N	6	2026-01-31 18:49:15.073725	2026-01-31 18:49:15.073725
282	Pajarito	\N	6	2026-01-31 18:49:15.076852	2026-01-31 18:49:15.076852
283	Panqueba	\N	6	2026-01-31 18:49:15.079964	2026-01-31 18:49:15.079964
284	Pauna	\N	6	2026-01-31 18:49:15.083317	2026-01-31 18:49:15.083317
285	Paya	\N	6	2026-01-31 18:49:15.088565	2026-01-31 18:49:15.088565
286	Paz de Río	\N	6	2026-01-31 18:49:15.092187	2026-01-31 18:49:15.092187
287	Pesca	\N	6	2026-01-31 18:49:15.095746	2026-01-31 18:49:15.095746
288	Pisba	\N	6	2026-01-31 18:49:15.09937	2026-01-31 18:49:15.09937
289	Puerto Boyacá	\N	6	2026-01-31 18:49:15.108754	2026-01-31 18:49:15.108754
290	Quípama	\N	6	2026-01-31 18:49:15.112693	2026-01-31 18:49:15.112693
291	Ramiriquí	\N	6	2026-01-31 18:49:15.11678	2026-01-31 18:49:15.11678
292	Ráquira	\N	6	2026-01-31 18:49:15.122733	2026-01-31 18:49:15.122733
293	Rondón	\N	6	2026-01-31 18:49:15.126384	2026-01-31 18:49:15.126384
294	Saboyá	\N	6	2026-01-31 18:49:15.129762	2026-01-31 18:49:15.129762
295	Sáchica	\N	6	2026-01-31 18:49:15.135434	2026-01-31 18:49:15.135434
296	Samacá	\N	6	2026-01-31 18:49:15.139737	2026-01-31 18:49:15.139737
297	San Eduardo	\N	6	2026-01-31 18:49:15.142907	2026-01-31 18:49:15.142907
298	San José de Pare	\N	6	2026-01-31 18:49:15.146043	2026-01-31 18:49:15.146043
299	San Luis de Gaceno	\N	6	2026-01-31 18:49:15.149145	2026-01-31 18:49:15.149145
300	San Mateo	\N	6	2026-01-31 18:49:15.153943	2026-01-31 18:49:15.153943
301	San Miguel de Sema	\N	6	2026-01-31 18:49:15.157501	2026-01-31 18:49:15.157501
302	San Pablo de Borbur	\N	6	2026-01-31 18:49:15.160718	2026-01-31 18:49:15.160718
303	Santana	\N	6	2026-01-31 18:49:15.163857	2026-01-31 18:49:15.163857
304	Santa María	\N	6	2026-01-31 18:49:15.167319	2026-01-31 18:49:15.167319
305	Santa Rosa de Viterbo	\N	6	2026-01-31 18:49:15.171123	2026-01-31 18:49:15.171123
306	Santa Sofía	\N	6	2026-01-31 18:49:15.174539	2026-01-31 18:49:15.174539
307	Sativanorte	\N	6	2026-01-31 18:49:15.177682	2026-01-31 18:49:15.177682
308	Sativasur	\N	6	2026-01-31 18:49:15.180808	2026-01-31 18:49:15.180808
309	Siachoque	\N	6	2026-01-31 18:49:15.184344	2026-01-31 18:49:15.184344
310	Soatá	\N	6	2026-01-31 18:49:15.189104	2026-01-31 18:49:15.189104
311	Socotá	\N	6	2026-01-31 18:49:15.192317	2026-01-31 18:49:15.192317
312	Socha	\N	6	2026-01-31 18:49:15.19552	2026-01-31 18:49:15.19552
313	Sogamoso	\N	6	2026-01-31 18:49:15.199185	2026-01-31 18:49:15.199185
314	Somondoco	\N	6	2026-01-31 18:49:15.203318	2026-01-31 18:49:15.203318
315	Sora	\N	6	2026-01-31 18:49:15.206501	2026-01-31 18:49:15.206501
316	Soracá	\N	6	2026-01-31 18:49:15.209686	2026-01-31 18:49:15.209686
317	Sotaquirá	\N	6	2026-01-31 18:49:15.212811	2026-01-31 18:49:15.212811
318	Susacón	\N	6	2026-01-31 18:49:15.216314	2026-01-31 18:49:15.216314
319	Sutamarchán	\N	6	2026-01-31 18:49:15.221048	2026-01-31 18:49:15.221048
320	Sutatenza	\N	6	2026-01-31 18:49:15.224803	2026-01-31 18:49:15.224803
321	Tasco	\N	6	2026-01-31 18:49:15.228069	2026-01-31 18:49:15.228069
322	Tenza	\N	6	2026-01-31 18:49:15.231524	2026-01-31 18:49:15.231524
323	Tibaná	\N	6	2026-01-31 18:49:15.236302	2026-01-31 18:49:15.236302
324	Tibasosa	\N	6	2026-01-31 18:49:15.239628	2026-01-31 18:49:15.239628
325	Tinjacá	\N	6	2026-01-31 18:49:15.242881	2026-01-31 18:49:15.242881
326	Tipacoque	\N	6	2026-01-31 18:49:15.246529	2026-01-31 18:49:15.246529
327	Toca	\N	6	2026-01-31 18:49:15.250533	2026-01-31 18:49:15.250533
328	Togüí	\N	6	2026-01-31 18:49:15.254693	2026-01-31 18:49:15.254693
329	Tópaga	\N	6	2026-01-31 18:49:15.258585	2026-01-31 18:49:15.258585
330	Tota	\N	6	2026-01-31 18:49:15.262251	2026-01-31 18:49:15.262251
331	Tunja	\N	6	2026-01-31 18:49:15.265594	2026-01-31 18:49:15.265594
332	Tununguá	\N	6	2026-01-31 18:49:15.269687	2026-01-31 18:49:15.269687
333	Turmequé	\N	6	2026-01-31 18:49:15.272822	2026-01-31 18:49:15.272822
334	Tuta	\N	6	2026-01-31 18:49:15.275951	2026-01-31 18:49:15.275951
335	Tutazá	\N	6	2026-01-31 18:49:15.279074	2026-01-31 18:49:15.279074
336	Úmbita	\N	6	2026-01-31 18:49:15.282333	2026-01-31 18:49:15.282333
337	Ventaquemada	\N	6	2026-01-31 18:49:15.287218	2026-01-31 18:49:15.287218
338	Viracachá	\N	6	2026-01-31 18:49:15.290537	2026-01-31 18:49:15.290537
339	Zetaquira	\N	6	2026-01-31 18:49:15.293623	2026-01-31 18:49:15.293623
340	Manizales	\N	7	2026-01-31 18:51:05.271521	2026-01-31 18:51:05.271521
341	Aguadas	\N	7	2026-01-31 18:51:05.299833	2026-01-31 18:51:05.299833
342	Anserma	\N	7	2026-01-31 18:51:05.304374	2026-01-31 18:51:05.304374
343	Aranzazu	\N	7	2026-01-31 18:51:05.308933	2026-01-31 18:51:05.308933
344	Belalcázar	\N	7	2026-01-31 18:51:05.315838	2026-01-31 18:51:05.315838
345	Chinchiná	\N	7	2026-01-31 18:51:05.320761	2026-01-31 18:51:05.320761
346	Filadelfia	\N	7	2026-01-31 18:51:05.324425	2026-01-31 18:51:05.324425
347	La Dorada	\N	7	2026-01-31 18:51:05.328661	2026-01-31 18:51:05.328661
348	La Merced	\N	7	2026-01-31 18:51:05.333339	2026-01-31 18:51:05.333339
349	Manzanares	\N	7	2026-01-31 18:51:05.338791	2026-01-31 18:51:05.338791
350	Marmato	\N	7	2026-01-31 18:51:05.343047	2026-01-31 18:51:05.343047
351	Marquetalia	\N	7	2026-01-31 18:51:05.349349	2026-01-31 18:51:05.349349
352	Marulanda	\N	7	2026-01-31 18:51:05.352607	2026-01-31 18:51:05.352607
353	Neira	\N	7	2026-01-31 18:51:05.356073	2026-01-31 18:51:05.356073
354	Norcasia	\N	7	2026-01-31 18:51:05.359504	2026-01-31 18:51:05.359504
355	Pácora	\N	7	2026-01-31 18:51:05.363962	2026-01-31 18:51:05.363962
356	Palestina	\N	7	2026-01-31 18:51:05.36722	2026-01-31 18:51:05.36722
357	Pensilvania	\N	7	2026-01-31 18:51:05.370472	2026-01-31 18:51:05.370472
358	Riosucio	\N	7	2026-01-31 18:51:05.37365	2026-01-31 18:51:05.37365
359	Risaralda	\N	7	2026-01-31 18:51:05.376827	2026-01-31 18:51:05.376827
360	Salamina	\N	7	2026-01-31 18:51:05.380943	2026-01-31 18:51:05.380943
361	Samaná	\N	7	2026-01-31 18:51:05.384245	2026-01-31 18:51:05.384245
362	San José	\N	7	2026-01-31 18:51:05.387416	2026-01-31 18:51:05.387416
363	Supía	\N	7	2026-01-31 18:51:05.390597	2026-01-31 18:51:05.390597
364	Victoria	\N	7	2026-01-31 18:51:05.393759	2026-01-31 18:51:05.393759
365	Villamaría	\N	7	2026-01-31 18:51:05.398635	2026-01-31 18:51:05.398635
366	Viterbo	\N	7	2026-01-31 18:51:05.401881	2026-01-31 18:51:05.401881
367	Florencia	\N	8	2026-01-31 18:52:30.342294	2026-01-31 18:52:30.342294
368	Albania	\N	8	2026-01-31 18:52:30.373629	2026-01-31 18:52:30.373629
369	Cartagena del Chairá	\N	8	2026-01-31 18:52:30.378743	2026-01-31 18:52:30.378743
370	Belén de los Andaquíes	\N	8	2026-01-31 18:52:30.384815	2026-01-31 18:52:30.384815
371	El Doncello	\N	8	2026-01-31 18:52:30.388876	2026-01-31 18:52:30.388876
372	El Paujil	\N	8	2026-01-31 18:52:30.392905	2026-01-31 18:52:30.392905
373	La Montañita	\N	8	2026-01-31 18:52:30.397934	2026-01-31 18:52:30.397934
374	Puerto Rico	\N	8	2026-01-31 18:52:30.402366	2026-01-31 18:52:30.402366
375	San Vicente del Caguán	\N	8	2026-01-31 18:52:30.407009	2026-01-31 18:52:30.407009
376	Curillo	\N	8	2026-01-31 18:52:30.41186	2026-01-31 18:52:30.41186
377	Milán	\N	8	2026-01-31 18:52:30.416981	2026-01-31 18:52:30.416981
378	Morelia	\N	8	2026-01-31 18:52:30.420336	2026-01-31 18:52:30.420336
379	San José del Fragua	\N	8	2026-01-31 18:52:30.423635	2026-01-31 18:52:30.423635
380	Solano	\N	8	2026-01-31 18:52:30.427135	2026-01-31 18:52:30.427135
381	Solita	\N	8	2026-01-31 18:52:30.43276	2026-01-31 18:52:30.43276
382	Valparaíso	\N	8	2026-01-31 18:52:30.436708	2026-01-31 18:52:30.436708
383	Yopal	\N	9	2026-01-31 18:53:03.376782	2026-01-31 18:53:03.376782
384	Aguazul	\N	9	2026-01-31 18:53:03.402394	2026-01-31 18:53:03.402394
385	Chámeza	\N	9	2026-01-31 18:53:03.407307	2026-01-31 18:53:03.407307
386	Hato Corozal	\N	9	2026-01-31 18:53:03.412072	2026-01-31 18:53:03.412072
387	La Salina	\N	9	2026-01-31 18:53:03.417929	2026-01-31 18:53:03.417929
388	Maní	\N	9	2026-01-31 18:53:03.422317	2026-01-31 18:53:03.422317
389	Monterrey	\N	9	2026-01-31 18:53:03.42597	2026-01-31 18:53:03.42597
390	Nunchía	\N	9	2026-01-31 18:53:03.429307	2026-01-31 18:53:03.429307
391	Orocué	\N	9	2026-01-31 18:53:03.434421	2026-01-31 18:53:03.434421
392	Paz de Ariporo	\N	9	2026-01-31 18:53:03.439396	2026-01-31 18:53:03.439396
393	Pore	\N	9	2026-01-31 18:53:03.443178	2026-01-31 18:53:03.443178
394	Recetor	\N	9	2026-01-31 18:53:03.446376	2026-01-31 18:53:03.446376
395	Sabanalarga	\N	9	2026-01-31 18:53:03.451378	2026-01-31 18:53:03.451378
396	Sácama	\N	9	2026-01-31 18:53:03.456131	2026-01-31 18:53:03.456131
397	San Luis de Palenque	\N	9	2026-01-31 18:53:03.459378	2026-01-31 18:53:03.459378
398	Támara	\N	9	2026-01-31 18:53:03.462532	2026-01-31 18:53:03.462532
399	Tauramena	\N	9	2026-01-31 18:53:03.467469	2026-01-31 18:53:03.467469
400	Trinidad	\N	9	2026-01-31 18:53:03.471023	2026-01-31 18:53:03.471023
401	Villanueva	\N	9	2026-01-31 18:53:03.474414	2026-01-31 18:53:03.474414
402	Popayán	\N	10	2026-01-31 18:54:49.282651	2026-01-31 18:54:49.282651
403	Almaguer	\N	10	2026-01-31 18:54:49.307413	2026-01-31 18:54:49.307413
404	Argelia	\N	10	2026-01-31 18:54:49.313056	2026-01-31 18:54:49.313056
405	Balboa	\N	10	2026-01-31 18:54:49.318166	2026-01-31 18:54:49.318166
406	Bolívar	\N	10	2026-01-31 18:54:49.323058	2026-01-31 18:54:49.323058
407	Buenos Aires	\N	10	2026-01-31 18:54:49.32745	2026-01-31 18:54:49.32745
408	Cajibío	\N	10	2026-01-31 18:54:49.333054	2026-01-31 18:54:49.333054
409	Caldono	\N	10	2026-01-31 18:54:49.337742	2026-01-31 18:54:49.337742
410	Caloto	\N	10	2026-01-31 18:54:49.341787	2026-01-31 18:54:49.341787
411	Corinto	\N	10	2026-01-31 18:54:49.348181	2026-01-31 18:54:49.348181
412	El Tambo	\N	10	2026-01-31 18:54:49.352863	2026-01-31 18:54:49.352863
413	Florencia	\N	10	2026-01-31 18:54:49.356537	2026-01-31 18:54:49.356537
414	Guapi	\N	10	2026-01-31 18:54:49.360281	2026-01-31 18:54:49.360281
415	Guachené	\N	10	2026-01-31 18:54:49.364791	2026-01-31 18:54:49.364791
416	Inzá	\N	10	2026-01-31 18:54:49.36834	2026-01-31 18:54:49.36834
417	Jambaló	\N	10	2026-01-31 18:54:49.371537	2026-01-31 18:54:49.371537
418	La Sierra	\N	10	2026-01-31 18:54:49.374737	2026-01-31 18:54:49.374737
419	La Vega	\N	10	2026-01-31 18:54:49.377879	2026-01-31 18:54:49.377879
420	López de Micay	\N	10	2026-01-31 18:54:49.384352	2026-01-31 18:54:49.384352
421	Mercaderes	\N	10	2026-01-31 18:54:49.387705	2026-01-31 18:54:49.387705
422	Miranda	\N	10	2026-01-31 18:54:49.391018	2026-01-31 18:54:49.391018
423	Morales	\N	10	2026-01-31 18:54:49.394471	2026-01-31 18:54:49.394471
424	Padilla	\N	10	2026-01-31 18:54:49.39865	2026-01-31 18:54:49.39865
425	Páez (Belalcázar)	\N	10	2026-01-31 18:54:49.40225	2026-01-31 18:54:49.40225
426	Patía (El Bordo)	\N	10	2026-01-31 18:54:49.405771	2026-01-31 18:54:49.405771
427	Piamonte	\N	10	2026-01-31 18:54:49.409368	2026-01-31 18:54:49.409368
428	Piendamó	\N	10	2026-01-31 18:54:49.413207	2026-01-31 18:54:49.413207
429	Puerto Tejada	\N	10	2026-01-31 18:54:49.416596	2026-01-31 18:54:49.416596
430	Puracé (Coconuco)	\N	10	2026-01-31 18:54:49.419787	2026-01-31 18:54:49.419787
431	Rosas	\N	10	2026-01-31 18:54:49.422949	2026-01-31 18:54:49.422949
432	San Sebastián	\N	10	2026-01-31 18:54:49.426049	2026-01-31 18:54:49.426049
433	Santander de Quilichao	\N	10	2026-01-31 18:54:49.430936	2026-01-31 18:54:49.430936
434	Santa Rosa	\N	10	2026-01-31 18:54:49.434351	2026-01-31 18:54:49.434351
435	Silvia	\N	10	2026-01-31 18:54:49.437438	2026-01-31 18:54:49.437438
436	Sotará (Paispamba)	\N	10	2026-01-31 18:54:49.440502	2026-01-31 18:54:49.440502
437	Sucre	\N	10	2026-01-31 18:54:49.44357	2026-01-31 18:54:49.44357
438	Suárez	\N	10	2026-01-31 18:54:49.447826	2026-01-31 18:54:49.447826
439	Timbío	\N	10	2026-01-31 18:54:49.451227	2026-01-31 18:54:49.451227
440	Timbiquí	\N	10	2026-01-31 18:54:49.454713	2026-01-31 18:54:49.454713
441	Toribío	\N	10	2026-01-31 18:54:49.457852	2026-01-31 18:54:49.457852
442	Totoró	\N	10	2026-01-31 18:54:49.461318	2026-01-31 18:54:49.461318
443	Villa Rica	\N	10	2026-01-31 18:54:49.465364	2026-01-31 18:54:49.465364
444	Valledupar	\N	11	2026-01-31 18:56:15.180835	2026-01-31 18:56:15.180835
445	Aguachica	\N	11	2026-01-31 18:56:15.206063	2026-01-31 18:56:15.206063
446	Agustín Codazzi	\N	11	2026-01-31 18:56:15.210905	2026-01-31 18:56:15.210905
447	Astrea	\N	11	2026-01-31 18:56:15.216982	2026-01-31 18:56:15.216982
448	Becerril	\N	11	2026-01-31 18:56:15.221378	2026-01-31 18:56:15.221378
449	Bosconia	\N	11	2026-01-31 18:56:15.225649	2026-01-31 18:56:15.225649
450	Curumaní	\N	11	2026-01-31 18:56:15.23001	2026-01-31 18:56:15.23001
451	Chimichagua	\N	11	2026-01-31 18:56:15.234178	2026-01-31 18:56:15.234178
452	Chiriguaná	\N	11	2026-01-31 18:56:15.238608	2026-01-31 18:56:15.238608
453	El Copey	\N	11	2026-01-31 18:56:15.243682	2026-01-31 18:56:15.243682
454	El Paso	\N	11	2026-01-31 18:56:15.248516	2026-01-31 18:56:15.248516
455	Gamarra	\N	11	2026-01-31 18:56:15.253902	2026-01-31 18:56:15.253902
456	González	\N	11	2026-01-31 18:56:15.25735	2026-01-31 18:56:15.25735
457	La Gloria	\N	11	2026-01-31 18:56:15.260586	2026-01-31 18:56:15.260586
458	La Jagua de Ibirico	\N	11	2026-01-31 18:56:15.26495	2026-01-31 18:56:15.26495
459	Manaure Balcón del Cesar	\N	11	2026-01-31 18:56:15.268426	2026-01-31 18:56:15.268426
460	Pailitas	\N	11	2026-01-31 18:56:15.271864	2026-01-31 18:56:15.271864
461	Pelaya	\N	11	2026-01-31 18:56:15.275375	2026-01-31 18:56:15.275375
462	Pueblo Bello	\N	11	2026-01-31 18:56:15.280098	2026-01-31 18:56:15.280098
463	Río de Oro	\N	11	2026-01-31 18:56:15.284478	2026-01-31 18:56:15.284478
464	San Alberto	\N	11	2026-01-31 18:56:15.287909	2026-01-31 18:56:15.287909
465	La Paz	\N	11	2026-01-31 18:56:15.29203	2026-01-31 18:56:15.29203
466	San Diego	\N	11	2026-01-31 18:56:15.295548	2026-01-31 18:56:15.295548
467	San Martín	\N	11	2026-01-31 18:56:15.301112	2026-01-31 18:56:15.301112
468	Tamalameque	\N	11	2026-01-31 18:56:15.304913	2026-01-31 18:56:15.304913
469	Quibdó	\N	12	2026-01-31 18:57:21.929464	2026-01-31 18:57:21.929464
470	Atrato (Yuto)	\N	12	2026-01-31 18:57:21.956425	2026-01-31 18:57:21.956425
471	Acandí	\N	12	2026-01-31 18:57:21.961481	2026-01-31 18:57:21.961481
472	Alto Baudó (Pie de Pató)	\N	12	2026-01-31 18:57:21.967549	2026-01-31 18:57:21.967549
473	Bagadó	\N	12	2026-01-31 18:57:21.971562	2026-01-31 18:57:21.971562
474	Bahía Solano (Mutis)	\N	12	2026-01-31 18:57:21.975802	2026-01-31 18:57:21.975802
475	Bajo Baudó (Pizarro)	\N	12	2026-01-31 18:57:21.979308	2026-01-31 18:57:21.979308
476	Bojayá (Bellavista)	\N	12	2026-01-31 18:57:21.983896	2026-01-31 18:57:21.983896
477	Medio Atrato (Beté)	\N	12	2026-01-31 18:57:21.988216	2026-01-31 18:57:21.988216
478	Condoto	\N	12	2026-01-31 18:57:21.993133	2026-01-31 18:57:21.993133
479	Cértegui	\N	12	2026-01-31 18:57:21.997768	2026-01-31 18:57:21.997768
480	Carmen del Darién	\N	12	2026-01-31 18:57:22.00854	2026-01-31 18:57:22.00854
481	El Carmen de Atrato	\N	12	2026-01-31 18:57:22.014033	2026-01-31 18:57:22.014033
482	El Cantón del San Pablo (Managrú)	\N	12	2026-01-31 18:57:22.02071	2026-01-31 18:57:22.02071
483	Istmina	\N	12	2026-01-31 18:57:22.024889	2026-01-31 18:57:22.024889
484	Juradó	\N	12	2026-01-31 18:57:22.02882	2026-01-31 18:57:22.02882
485	Lloró	\N	12	2026-01-31 18:57:22.033367	2026-01-31 18:57:22.033367
486	Medio Baudó (Puerto Meluk)	\N	12	2026-01-31 18:57:22.040066	2026-01-31 18:57:22.040066
487	Medio San Juan	\N	12	2026-01-31 18:57:22.044345	2026-01-31 18:57:22.044345
488	Nóvita	\N	12	2026-01-31 18:57:22.048535	2026-01-31 18:57:22.048535
489	Nuquí	\N	12	2026-01-31 18:57:22.056649	2026-01-31 18:57:22.056649
490	Río Iró	\N	12	2026-01-31 18:57:22.062855	2026-01-31 18:57:22.062855
491	Riosucio	\N	12	2026-01-31 18:57:22.067701	2026-01-31 18:57:22.067701
492	Río Quito (Paimadó)	\N	12	2026-01-31 18:57:22.073691	2026-01-31 18:57:22.073691
493	San José del Palmar	\N	12	2026-01-31 18:57:22.077607	2026-01-31 18:57:22.077607
494	El Litoral del San Juan	\N	12	2026-01-31 18:57:22.081654	2026-01-31 18:57:22.081654
495	Sipí	\N	12	2026-01-31 18:57:22.085837	2026-01-31 18:57:22.085837
496	Tadó	\N	12	2026-01-31 18:57:22.089879	2026-01-31 18:57:22.089879
497	Unguía	\N	12	2026-01-31 18:57:22.093684	2026-01-31 18:57:22.093684
498	Unión Panamericana (Las Ánimas)	\N	12	2026-01-31 18:57:22.097539	2026-01-31 18:57:22.097539
499	Nuevo Belén de Bajirá	\N	12	2026-01-31 18:57:22.103145	2026-01-31 18:57:22.103145
500	Montería	\N	13	2026-01-31 18:58:42.501799	2026-01-31 18:58:42.501799
501	Ayapel	\N	13	2026-01-31 18:58:42.539683	2026-01-31 18:58:42.539683
502	Buenavista	\N	13	2026-01-31 18:58:42.545487	2026-01-31 18:58:42.545487
503	Canalete	\N	13	2026-01-31 18:58:42.549993	2026-01-31 18:58:42.549993
504	Cereté	\N	13	2026-01-31 18:58:42.559365	2026-01-31 18:58:42.559365
505	Ciénaga de Oro	\N	13	2026-01-31 18:58:42.564057	2026-01-31 18:58:42.564057
506	Cotorra (Bongo)	\N	13	2026-01-31 18:58:42.56789	2026-01-31 18:58:42.56789
507	Chimá	\N	13	2026-01-31 18:58:42.573103	2026-01-31 18:58:42.573103
508	Chinú	\N	13	2026-01-31 18:58:42.578675	2026-01-31 18:58:42.578675
509	La Apartada (Frontera)	\N	13	2026-01-31 18:58:42.584512	2026-01-31 18:58:42.584512
510	Lorica	\N	13	2026-01-31 18:58:42.589736	2026-01-31 18:58:42.589736
511	Los Córdobas	\N	13	2026-01-31 18:58:42.593881	2026-01-31 18:58:42.593881
512	Momil	\N	13	2026-01-31 18:58:42.597276	2026-01-31 18:58:42.597276
513	Montelíbano	\N	13	2026-01-31 18:58:42.60081	2026-01-31 18:58:42.60081
514	Moñitos	\N	13	2026-01-31 18:58:42.604757	2026-01-31 18:58:42.604757
515	Planeta Rica	\N	13	2026-01-31 18:58:42.609427	2026-01-31 18:58:42.609427
516	Pueblo Nuevo	\N	13	2026-01-31 18:58:42.612613	2026-01-31 18:58:42.612613
517	Puerto Libertador	\N	13	2026-01-31 18:58:42.61576	2026-01-31 18:58:42.61576
518	Puerto Escondido	\N	13	2026-01-31 18:58:42.618893	2026-01-31 18:58:42.618893
519	Purísima	\N	13	2026-01-31 18:58:42.623741	2026-01-31 18:58:42.623741
520	Sahagún	\N	13	2026-01-31 18:58:42.627121	2026-01-31 18:58:42.627121
521	San Andrés de Sotavento	\N	13	2026-01-31 18:58:42.630407	2026-01-31 18:58:42.630407
522	San Antero	\N	13	2026-01-31 18:58:42.633514	2026-01-31 18:58:42.633514
523	San Bernardo del Viento	\N	13	2026-01-31 18:58:42.636674	2026-01-31 18:58:42.636674
524	San Carlos	\N	13	2026-01-31 18:58:42.642125	2026-01-31 18:58:42.642125
525	San José de Uré	\N	13	2026-01-31 18:58:42.645327	2026-01-31 18:58:42.645327
526	San Pelayo	\N	13	2026-01-31 18:58:42.648418	2026-01-31 18:58:42.648418
527	Tierralta	\N	13	2026-01-31 18:58:42.651455	2026-01-31 18:58:42.651455
528	Tuchín	\N	13	2026-01-31 18:58:42.655642	2026-01-31 18:58:42.655642
529	Valencia	\N	13	2026-01-31 18:58:42.660207	2026-01-31 18:58:42.660207
530	Agua de Dios	\N	14	2026-01-31 19:00:11.262672	2026-01-31 19:00:11.262672
531	Albán	\N	14	2026-01-31 19:00:11.291135	2026-01-31 19:00:11.291135
532	Anapoima	\N	14	2026-01-31 19:00:11.296015	2026-01-31 19:00:11.296015
533	Anolaima	\N	14	2026-01-31 19:00:11.300429	2026-01-31 19:00:11.300429
534	Arbeláez	\N	14	2026-01-31 19:00:11.306137	2026-01-31 19:00:11.306137
535	Beltrán	\N	14	2026-01-31 19:00:11.31025	2026-01-31 19:00:11.31025
536	Bituima	\N	14	2026-01-31 19:00:11.314155	2026-01-31 19:00:11.314155
537	Bojacá	\N	14	2026-01-31 19:00:11.317498	2026-01-31 19:00:11.317498
538	Cabrera	\N	14	2026-01-31 19:00:11.323329	2026-01-31 19:00:11.323329
539	Cachipay	\N	14	2026-01-31 19:00:11.328689	2026-01-31 19:00:11.328689
540	Cajicá	\N	14	2026-01-31 19:00:11.332904	2026-01-31 19:00:11.332904
541	Caparrapí	\N	14	2026-01-31 19:00:11.341756	2026-01-31 19:00:11.341756
542	Cáqueza	\N	14	2026-01-31 19:00:11.345799	2026-01-31 19:00:11.345799
543	Carmen de Carupa	\N	14	2026-01-31 19:00:11.350166	2026-01-31 19:00:11.350166
544	Cogua	\N	14	2026-01-31 19:00:11.355369	2026-01-31 19:00:11.355369
545	Cota	\N	14	2026-01-31 19:00:11.359097	2026-01-31 19:00:11.359097
546	Cucunubá	\N	14	2026-01-31 19:00:11.36288	2026-01-31 19:00:11.36288
547	Chaguaní	\N	14	2026-01-31 19:00:11.366073	2026-01-31 19:00:11.366073
548	Chía	\N	14	2026-01-31 19:00:11.370865	2026-01-31 19:00:11.370865
549	Chipaque	\N	14	2026-01-31 19:00:11.374736	2026-01-31 19:00:11.374736
550	Choachí	\N	14	2026-01-31 19:00:11.38024	2026-01-31 19:00:11.38024
551	Chocontá	\N	14	2026-01-31 19:00:11.383789	2026-01-31 19:00:11.383789
552	El Colegio	\N	14	2026-01-31 19:00:11.389814	2026-01-31 19:00:11.389814
553	El Peñón	\N	14	2026-01-31 19:00:11.393141	2026-01-31 19:00:11.393141
554	El Rosal	\N	14	2026-01-31 19:00:11.396824	2026-01-31 19:00:11.396824
555	Facatativá	\N	14	2026-01-31 19:00:11.400265	2026-01-31 19:00:11.400265
556	Fómeque	\N	14	2026-01-31 19:00:11.405201	2026-01-31 19:00:11.405201
557	Fosca	\N	14	2026-01-31 19:00:11.408708	2026-01-31 19:00:11.408708
558	Funza	\N	14	2026-01-31 19:00:11.412286	2026-01-31 19:00:11.412286
559	Fúquene	\N	14	2026-01-31 19:00:11.415732	2026-01-31 19:00:11.415732
560	Fusagasugá	\N	14	2026-01-31 19:00:11.420636	2026-01-31 19:00:11.420636
561	Gachalá	\N	14	2026-01-31 19:00:11.424329	2026-01-31 19:00:11.424329
562	Gachancipá	\N	14	2026-01-31 19:00:11.427729	2026-01-31 19:00:11.427729
563	Gachetá	\N	14	2026-01-31 19:00:11.43157	2026-01-31 19:00:11.43157
564	Gama	\N	14	2026-01-31 19:00:11.434982	2026-01-31 19:00:11.434982
565	Girardot	\N	14	2026-01-31 19:00:11.440515	2026-01-31 19:00:11.440515
566	Guachetá	\N	14	2026-01-31 19:00:11.444134	2026-01-31 19:00:11.444134
567	Guaduas	\N	14	2026-01-31 19:00:11.447848	2026-01-31 19:00:11.447848
568	Guasca	\N	14	2026-01-31 19:00:11.45241	2026-01-31 19:00:11.45241
569	Guataquí	\N	14	2026-01-31 19:00:11.456887	2026-01-31 19:00:11.456887
570	Guatavita	\N	14	2026-01-31 19:00:11.46092	2026-01-31 19:00:11.46092
571	Guayabal de Síquima	\N	14	2026-01-31 19:00:11.464466	2026-01-31 19:00:11.464466
572	Guayabetal	\N	14	2026-01-31 19:00:11.46908	2026-01-31 19:00:11.46908
573	Gutiérrez	\N	14	2026-01-31 19:00:11.475733	2026-01-31 19:00:11.475733
574	Granada	\N	14	2026-01-31 19:00:11.481422	2026-01-31 19:00:11.481422
575	Jerusalén	\N	14	2026-01-31 19:00:11.490573	2026-01-31 19:00:11.490573
576	Junín	\N	14	2026-01-31 19:00:11.494827	2026-01-31 19:00:11.494827
577	La Calera	\N	14	2026-01-31 19:00:11.498306	2026-01-31 19:00:11.498306
578	La Mesa	\N	14	2026-01-31 19:00:11.503682	2026-01-31 19:00:11.503682
579	La Palma	\N	14	2026-01-31 19:00:11.508708	2026-01-31 19:00:11.508708
580	La Peña	\N	14	2026-01-31 19:00:11.511901	2026-01-31 19:00:11.511901
581	La Vega	\N	14	2026-01-31 19:00:11.515935	2026-01-31 19:00:11.515935
582	Lenguazaque	\N	14	2026-01-31 19:00:11.519988	2026-01-31 19:00:11.519988
583	Machetá	\N	14	2026-01-31 19:00:11.526055	2026-01-31 19:00:11.526055
584	Madrid	\N	14	2026-01-31 19:00:11.530577	2026-01-31 19:00:11.530577
585	Manta	\N	14	2026-01-31 19:00:11.534249	2026-01-31 19:00:11.534249
586	Medina	\N	14	2026-01-31 19:00:11.540687	2026-01-31 19:00:11.540687
587	Mosquera	\N	14	2026-01-31 19:00:11.5463	2026-01-31 19:00:11.5463
588	Nariño	\N	14	2026-01-31 19:00:11.551869	2026-01-31 19:00:11.551869
589	Nemocón	\N	14	2026-01-31 19:00:11.556408	2026-01-31 19:00:11.556408
590	Nilo	\N	14	2026-01-31 19:00:11.565162	2026-01-31 19:00:11.565162
591	Nimaima	\N	14	2026-01-31 19:00:11.580479	2026-01-31 19:00:11.580479
592	Nocaima	\N	14	2026-01-31 19:00:11.597612	2026-01-31 19:00:11.597612
593	Pacho	\N	14	2026-01-31 19:00:11.616674	2026-01-31 19:00:11.616674
594	Paime	\N	14	2026-01-31 19:00:11.624029	2026-01-31 19:00:11.624029
595	Pandi	\N	14	2026-01-31 19:00:11.648794	2026-01-31 19:00:11.648794
596	Paratebueno	\N	14	2026-01-31 19:00:11.662928	2026-01-31 19:00:11.662928
597	Pasca	\N	14	2026-01-31 19:00:11.667157	2026-01-31 19:00:11.667157
598	Puerto Salgar	\N	14	2026-01-31 19:00:11.672852	2026-01-31 19:00:11.672852
599	Pulí	\N	14	2026-01-31 19:00:11.680863	2026-01-31 19:00:11.680863
600	Quebradanegra	\N	14	2026-01-31 19:00:11.686377	2026-01-31 19:00:11.686377
601	Quetame	\N	14	2026-01-31 19:00:11.695987	2026-01-31 19:00:11.695987
602	Quipile	\N	14	2026-01-31 19:00:11.702462	2026-01-31 19:00:11.702462
603	Apulo	\N	14	2026-01-31 19:00:11.708174	2026-01-31 19:00:11.708174
604	Ricaurte	\N	14	2026-01-31 19:00:11.712507	2026-01-31 19:00:11.712507
605	San Antonio del Tequendama	\N	14	2026-01-31 19:00:11.721155	2026-01-31 19:00:11.721155
606	San Bernardo	\N	14	2026-01-31 19:00:11.725456	2026-01-31 19:00:11.725456
607	San Cayetano	\N	14	2026-01-31 19:00:11.734177	2026-01-31 19:00:11.734177
608	San Francisco	\N	14	2026-01-31 19:00:11.739069	2026-01-31 19:00:11.739069
609	San Juan de Rioseco	\N	14	2026-01-31 19:00:11.74359	2026-01-31 19:00:11.74359
610	Sasaima	\N	14	2026-01-31 19:00:11.749793	2026-01-31 19:00:11.749793
611	Sesquilé	\N	14	2026-01-31 19:00:11.758016	2026-01-31 19:00:11.758016
612	Sibaté	\N	14	2026-01-31 19:00:11.764577	2026-01-31 19:00:11.764577
613	Silvania	\N	14	2026-01-31 19:00:11.771876	2026-01-31 19:00:11.771876
614	Simijaca	\N	14	2026-01-31 19:00:11.776343	2026-01-31 19:00:11.776343
615	Soacha	\N	14	2026-01-31 19:00:11.78316	2026-01-31 19:00:11.78316
616	Sopó	\N	14	2026-01-31 19:00:11.795556	2026-01-31 19:00:11.795556
617	Subachoque	\N	14	2026-01-31 19:00:11.800471	2026-01-31 19:00:11.800471
618	Suesca	\N	14	2026-01-31 19:00:11.80989	2026-01-31 19:00:11.80989
619	Supatá	\N	14	2026-01-31 19:00:11.822238	2026-01-31 19:00:11.822238
620	Susa	\N	14	2026-01-31 19:00:11.828283	2026-01-31 19:00:11.828283
621	Sutatausa	\N	14	2026-01-31 19:00:11.832998	2026-01-31 19:00:11.832998
622	Tabio	\N	14	2026-01-31 19:00:11.840776	2026-01-31 19:00:11.840776
623	Tausa	\N	14	2026-01-31 19:00:11.844564	2026-01-31 19:00:11.844564
624	Tena	\N	14	2026-01-31 19:00:11.847872	2026-01-31 19:00:11.847872
625	Tenjo	\N	14	2026-01-31 19:00:11.850918	2026-01-31 19:00:11.850918
626	Tibacuy	\N	14	2026-01-31 19:00:11.857894	2026-01-31 19:00:11.857894
627	Tibirita	\N	14	2026-01-31 19:00:11.861332	2026-01-31 19:00:11.861332
628	Tocaima	\N	14	2026-01-31 19:00:11.864417	2026-01-31 19:00:11.864417
629	Tocancipá	\N	14	2026-01-31 19:00:11.867436	2026-01-31 19:00:11.867436
630	Topaipí	\N	14	2026-01-31 19:00:11.874531	2026-01-31 19:00:11.874531
631	Ubalá	\N	14	2026-01-31 19:00:11.879969	2026-01-31 19:00:11.879969
632	Ubaque	\N	14	2026-01-31 19:00:11.88905	2026-01-31 19:00:11.88905
633	Ubaté	\N	14	2026-01-31 19:00:11.894931	2026-01-31 19:00:11.894931
634	Une	\N	14	2026-01-31 19:00:11.898412	2026-01-31 19:00:11.898412
635	Útica	\N	14	2026-01-31 19:00:11.903055	2026-01-31 19:00:11.903055
636	Venecia	\N	14	2026-01-31 19:00:11.909454	2026-01-31 19:00:11.909454
637	Vergara	\N	14	2026-01-31 19:00:11.913304	2026-01-31 19:00:11.913304
638	Vianí	\N	14	2026-01-31 19:00:11.916694	2026-01-31 19:00:11.916694
639	Villagómez	\N	14	2026-01-31 19:00:11.922933	2026-01-31 19:00:11.922933
640	Villapinzón	\N	14	2026-01-31 19:00:11.926871	2026-01-31 19:00:11.926871
641	Villeta	\N	14	2026-01-31 19:00:11.930603	2026-01-31 19:00:11.930603
642	Viotá	\N	14	2026-01-31 19:00:11.934145	2026-01-31 19:00:11.934145
643	Yacopí	\N	14	2026-01-31 19:00:11.988721	2026-01-31 19:00:11.988721
644	Zipacón	\N	14	2026-01-31 19:00:11.993003	2026-01-31 19:00:11.993003
645	Zipaquirá	\N	14	2026-01-31 19:00:11.996388	2026-01-31 19:00:11.996388
646	Inírida	\N	15	2026-01-31 19:01:41.052811	2026-01-31 19:01:41.052811
647	Barrancominas	\N	15	2026-01-31 19:01:41.078418	2026-01-31 19:01:41.078418
648	Cacahual	\N	15	2026-01-31 19:01:41.085126	2026-01-31 19:01:41.085126
649	La Guadalupe	\N	15	2026-01-31 19:01:41.089925	2026-01-31 19:01:41.089925
650	Morichal (Morichal Nuevo)	\N	15	2026-01-31 19:01:41.095944	2026-01-31 19:01:41.095944
651	Pana Pana (Campo Alegre)	\N	15	2026-01-31 19:01:41.10099	2026-01-31 19:01:41.10099
652	Puerto Colombia	\N	15	2026-01-31 19:01:41.105013	2026-01-31 19:01:41.105013
653	San Felipe	\N	15	2026-01-31 19:01:41.108415	2026-01-31 19:01:41.108415
654	San José del Guaviare	\N	16	2026-01-31 19:03:03.951822	2026-01-31 19:03:03.951822
655	Calamar	\N	16	2026-01-31 19:03:03.980277	2026-01-31 19:03:03.980277
656	El Retorno	\N	16	2026-01-31 19:03:03.989224	2026-01-31 19:03:03.989224
657	Miraflores	\N	16	2026-01-31 19:03:03.996985	2026-01-31 19:03:03.996985
658	Neiva	\N	17	2026-01-31 19:04:05.437204	2026-01-31 19:04:05.437204
659	Acevedo	\N	17	2026-01-31 19:04:05.463721	2026-01-31 19:04:05.463721
660	Agrado	\N	17	2026-01-31 19:04:05.469246	2026-01-31 19:04:05.469246
661	Aipe	\N	17	2026-01-31 19:04:05.474004	2026-01-31 19:04:05.474004
662	Algeciras	\N	17	2026-01-31 19:04:05.480119	2026-01-31 19:04:05.480119
663	Altamira	\N	17	2026-01-31 19:04:05.485194	2026-01-31 19:04:05.485194
664	Baraya	\N	17	2026-01-31 19:04:05.489043	2026-01-31 19:04:05.489043
665	Campoalegre	\N	17	2026-01-31 19:04:05.493981	2026-01-31 19:04:05.493981
666	Tesalia (Carnicerías)	\N	17	2026-01-31 19:04:05.499094	2026-01-31 19:04:05.499094
667	Colombia	\N	17	2026-01-31 19:04:05.504916	2026-01-31 19:04:05.504916
668	Elías	\N	17	2026-01-31 19:04:05.509085	2026-01-31 19:04:05.509085
669	Garzón	\N	17	2026-01-31 19:04:05.514074	2026-01-31 19:04:05.514074
670	Gigante	\N	17	2026-01-31 19:04:05.517936	2026-01-31 19:04:05.517936
671	Guadalupe	\N	17	2026-01-31 19:04:05.521749	2026-01-31 19:04:05.521749
672	Hobo	\N	17	2026-01-31 19:04:05.526836	2026-01-31 19:04:05.526836
673	Isnos	\N	17	2026-01-31 19:04:05.532176	2026-01-31 19:04:05.532176
674	Íquira	\N	17	2026-01-31 19:04:05.536001	2026-01-31 19:04:05.536001
675	La Argentina (Plata Vieja)	\N	17	2026-01-31 19:04:05.539735	2026-01-31 19:04:05.539735
676	La Plata	\N	17	2026-01-31 19:04:05.544317	2026-01-31 19:04:05.544317
677	Nátaga	\N	17	2026-01-31 19:04:05.548039	2026-01-31 19:04:05.548039
678	Oporapa	\N	17	2026-01-31 19:04:05.551972	2026-01-31 19:04:05.551972
679	Paicol	\N	17	2026-01-31 19:04:05.555865	2026-01-31 19:04:05.555865
680	Palermo	\N	17	2026-01-31 19:04:05.561873	2026-01-31 19:04:05.561873
681	Palestina	\N	17	2026-01-31 19:04:05.565642	2026-01-31 19:04:05.565642
682	Pital	\N	17	2026-01-31 19:04:05.569541	2026-01-31 19:04:05.569541
683	Pitalito	\N	17	2026-01-31 19:04:05.573488	2026-01-31 19:04:05.573488
684	Rivera	\N	17	2026-01-31 19:04:05.580626	2026-01-31 19:04:05.580626
685	Saladoblanco	\N	17	2026-01-31 19:04:05.584518	2026-01-31 19:04:05.584518
686	San Agustín	\N	17	2026-01-31 19:04:05.588026	2026-01-31 19:04:05.588026
687	Santa María	\N	17	2026-01-31 19:04:05.591901	2026-01-31 19:04:05.591901
688	Suaza	\N	17	2026-01-31 19:04:05.598151	2026-01-31 19:04:05.598151
689	Tarqui	\N	17	2026-01-31 19:04:05.601838	2026-01-31 19:04:05.601838
690	Tello	\N	17	2026-01-31 19:04:05.607393	2026-01-31 19:04:05.607393
691	Teruel	\N	17	2026-01-31 19:04:05.613326	2026-01-31 19:04:05.613326
692	Timaná	\N	17	2026-01-31 19:04:05.616885	2026-01-31 19:04:05.616885
693	Villavieja	\N	17	2026-01-31 19:04:05.620745	2026-01-31 19:04:05.620745
694	Yaguará	\N	17	2026-01-31 19:04:05.624447	2026-01-31 19:04:05.624447
695	Riohacha	\N	18	2026-01-31 19:05:40.032306	2026-01-31 19:05:40.032306
696	Albania	\N	18	2026-01-31 19:05:40.060768	2026-01-31 19:05:40.060768
697	Barrancas	\N	18	2026-01-31 19:05:40.066037	2026-01-31 19:05:40.066037
698	Dibulla	\N	18	2026-01-31 19:05:40.079268	2026-01-31 19:05:40.079268
699	El Molino	\N	18	2026-01-31 19:05:40.090244	2026-01-31 19:05:40.090244
700	Fonseca	\N	18	2026-01-31 19:05:40.095414	2026-01-31 19:05:40.095414
701	Distracción	\N	18	2026-01-31 19:05:40.101527	2026-01-31 19:05:40.101527
702	Hatonuevo	\N	18	2026-01-31 19:05:40.109062	2026-01-31 19:05:40.109062
703	Maicao	\N	18	2026-01-31 19:05:40.115616	2026-01-31 19:05:40.115616
704	Manaure	\N	18	2026-01-31 19:05:40.128051	2026-01-31 19:05:40.128051
705	La Jagua del Pilar	\N	18	2026-01-31 19:05:40.13468	2026-01-31 19:05:40.13468
706	San Juan del Cesar	\N	18	2026-01-31 19:05:40.141703	2026-01-31 19:05:40.141703
707	Uribia	\N	18	2026-01-31 19:05:40.145298	2026-01-31 19:05:40.145298
708	Urumita	\N	18	2026-01-31 19:05:40.149695	2026-01-31 19:05:40.149695
709	Villanueva	\N	18	2026-01-31 19:05:40.15747	2026-01-31 19:05:40.15747
710	Santa Marta	\N	19	2026-01-31 19:06:39.580735	2026-01-31 19:06:39.580735
711	Algarrobo	\N	19	2026-01-31 19:06:39.605234	2026-01-31 19:06:39.605234
712	Aracataca	\N	19	2026-01-31 19:06:39.610203	2026-01-31 19:06:39.610203
713	Ariguaní (El Difícil)	\N	19	2026-01-31 19:06:39.616873	2026-01-31 19:06:39.616873
714	Cerro de San Antonio	\N	19	2026-01-31 19:06:39.621031	2026-01-31 19:06:39.621031
715	Chivolo	\N	19	2026-01-31 19:06:39.625249	2026-01-31 19:06:39.625249
716	Ciénaga	\N	19	2026-01-31 19:06:39.629986	2026-01-31 19:06:39.629986
717	Concordia	\N	19	2026-01-31 19:06:39.633666	2026-01-31 19:06:39.633666
718	El Banco	\N	19	2026-01-31 19:06:39.637703	2026-01-31 19:06:39.637703
719	El Piñón	\N	19	2026-01-31 19:06:39.643782	2026-01-31 19:06:39.643782
720	El Retén	\N	19	2026-01-31 19:06:39.648687	2026-01-31 19:06:39.648687
721	Fundación	\N	19	2026-01-31 19:06:39.652155	2026-01-31 19:06:39.652155
722	Guamal	\N	19	2026-01-31 19:06:39.655644	2026-01-31 19:06:39.655644
723	Nueva Granada	\N	19	2026-01-31 19:06:39.661993	2026-01-31 19:06:39.661993
724	Pedraza	\N	19	2026-01-31 19:06:39.666447	2026-01-31 19:06:39.666447
725	Pijiño del Carmen	\N	19	2026-01-31 19:06:39.669848	2026-01-31 19:06:39.669848
726	Pivijay	\N	19	2026-01-31 19:06:39.67293	2026-01-31 19:06:39.67293
727	Plato	\N	19	2026-01-31 19:06:39.676348	2026-01-31 19:06:39.676348
728	Puebloviejo	\N	19	2026-01-31 19:06:39.682353	2026-01-31 19:06:39.682353
729	Remolino	\N	19	2026-01-31 19:06:39.685983	2026-01-31 19:06:39.685983
730	Sabanas de San Ángel	\N	19	2026-01-31 19:06:39.690237	2026-01-31 19:06:39.690237
731	Salamina	\N	19	2026-01-31 19:06:39.694043	2026-01-31 19:06:39.694043
732	San Sebastián de Buenavista	\N	19	2026-01-31 19:06:39.699351	2026-01-31 19:06:39.699351
733	San Zenón	\N	19	2026-01-31 19:06:39.702372	2026-01-31 19:06:39.702372
734	Santa Ana	\N	19	2026-01-31 19:06:39.705529	2026-01-31 19:06:39.705529
735	Santa Bárbara de Pinto	\N	19	2026-01-31 19:06:39.710777	2026-01-31 19:06:39.710777
736	Sitionuevo	\N	19	2026-01-31 19:06:39.715397	2026-01-31 19:06:39.715397
737	Tenerife	\N	19	2026-01-31 19:06:39.718534	2026-01-31 19:06:39.718534
738	Zapayán	\N	19	2026-01-31 19:06:39.721546	2026-01-31 19:06:39.721546
739	Zona Bananera (Sevilla)	\N	19	2026-01-31 19:06:39.724552	2026-01-31 19:06:39.724552
740	Villavicencio	\N	20	2026-01-31 19:08:47.470822	2026-01-31 19:08:47.470822
741	Acacías	\N	20	2026-01-31 19:08:47.48547	2026-01-31 19:08:47.48547
742	Barranca de Upía	\N	20	2026-01-31 19:08:47.49151	2026-01-31 19:08:47.49151
743	Cabuyaro	\N	20	2026-01-31 19:08:47.498457	2026-01-31 19:08:47.498457
744	Castilla La Nueva	\N	20	2026-01-31 19:08:47.502787	2026-01-31 19:08:47.502787
745	Cubarral	\N	20	2026-01-31 19:08:47.508166	2026-01-31 19:08:47.508166
746	Cumaral	\N	20	2026-01-31 19:08:47.512614	2026-01-31 19:08:47.512614
747	El Calvario	\N	20	2026-01-31 19:08:47.516543	2026-01-31 19:08:47.516543
748	El Castillo	\N	20	2026-01-31 19:08:47.521761	2026-01-31 19:08:47.521761
749	El Dorado	\N	20	2026-01-31 19:08:47.528746	2026-01-31 19:08:47.528746
750	Fuente de Oro	\N	20	2026-01-31 19:08:47.532985	2026-01-31 19:08:47.532985
751	Granada	\N	20	2026-01-31 19:08:47.53659	2026-01-31 19:08:47.53659
752	Guamal	\N	20	2026-01-31 19:08:47.541229	2026-01-31 19:08:47.541229
753	La Macarena	\N	20	2026-01-31 19:08:47.544984	2026-01-31 19:08:47.544984
754	Lejanías	\N	20	2026-01-31 19:08:47.54874	2026-01-31 19:08:47.54874
755	Mapiripán	\N	20	2026-01-31 19:08:47.552379	2026-01-31 19:08:47.552379
756	Mesetas	\N	20	2026-01-31 19:08:47.556743	2026-01-31 19:08:47.556743
757	Puerto Concordia	\N	20	2026-01-31 19:08:47.563076	2026-01-31 19:08:47.563076
758	Puerto Gaitán	\N	20	2026-01-31 19:08:47.566972	2026-01-31 19:08:47.566972
759	Puerto Lleras	\N	20	2026-01-31 19:08:47.570643	2026-01-31 19:08:47.570643
760	Puerto López	\N	20	2026-01-31 19:08:47.576363	2026-01-31 19:08:47.576363
761	Puerto Rico	\N	20	2026-01-31 19:08:47.580026	2026-01-31 19:08:47.580026
762	Restrepo	\N	20	2026-01-31 19:08:47.585711	2026-01-31 19:08:47.585711
763	San Carlos de Guaroa	\N	20	2026-01-31 19:08:47.590105	2026-01-31 19:08:47.590105
764	San Juan de Arama	\N	20	2026-01-31 19:08:47.593625	2026-01-31 19:08:47.593625
765	San Juanito	\N	20	2026-01-31 19:08:47.597226	2026-01-31 19:08:47.597226
766	San Martín de los Llanos	\N	20	2026-01-31 19:08:47.600704	2026-01-31 19:08:47.600704
767	Uribe	\N	20	2026-01-31 19:08:47.603806	2026-01-31 19:08:47.603806
768	Vista Hermosa	\N	20	2026-01-31 19:08:47.612395	2026-01-31 19:08:47.612395
769	Albán (San José)	\N	21	2026-01-31 19:14:25.140479	2026-01-31 19:14:25.140479
770	Aldana	\N	21	2026-01-31 19:14:25.171293	2026-01-31 19:14:25.171293
771	Ancuya	\N	21	2026-01-31 19:14:25.179499	2026-01-31 19:14:25.179499
772	Arboleda (Berruecos)	\N	21	2026-01-31 19:14:25.185871	2026-01-31 19:14:25.185871
773	Barbacoas	\N	21	2026-01-31 19:14:25.190141	2026-01-31 19:14:25.190141
774	Belén	\N	21	2026-01-31 19:14:25.195265	2026-01-31 19:14:25.195265
775	Buesaco	\N	21	2026-01-31 19:14:25.204049	2026-01-31 19:14:25.204049
776	Chachagui	\N	21	2026-01-31 19:14:25.208202	2026-01-31 19:14:25.208202
777	Colón (Génova)	\N	21	2026-01-31 19:14:25.216635	2026-01-31 19:14:25.216635
778	Consacá	\N	21	2026-01-31 19:14:25.225962	2026-01-31 19:14:25.225962
779	Contadero	\N	21	2026-01-31 19:14:25.231746	2026-01-31 19:14:25.231746
780	Córdoba	\N	21	2026-01-31 19:14:25.236904	2026-01-31 19:14:25.236904
781	Cuaspud (Carlosama)	\N	21	2026-01-31 19:14:25.240859	2026-01-31 19:14:25.240859
782	Cumbal	\N	21	2026-01-31 19:14:25.247367	2026-01-31 19:14:25.247367
783	Cumbitara	\N	21	2026-01-31 19:14:25.25437	2026-01-31 19:14:25.25437
784	El Charco	\N	21	2026-01-31 19:14:25.258249	2026-01-31 19:14:25.258249
785	El Peñol	\N	21	2026-01-31 19:14:25.262333	2026-01-31 19:14:25.262333
786	El Rosario	\N	21	2026-01-31 19:14:25.27238	2026-01-31 19:14:25.27238
787	El Tablón	\N	21	2026-01-31 19:14:25.276505	2026-01-31 19:14:25.276505
788	El Tambo	\N	21	2026-01-31 19:14:25.282924	2026-01-31 19:14:25.282924
789	Francisco Pizarro (Salahonda)	\N	21	2026-01-31 19:14:25.289933	2026-01-31 19:14:25.289933
790	Funes	\N	21	2026-01-31 19:14:25.293713	2026-01-31 19:14:25.293713
791	Guachucal	\N	21	2026-01-31 19:14:25.298855	2026-01-31 19:14:25.298855
792	Guaitarilla	\N	21	2026-01-31 19:14:25.303218	2026-01-31 19:14:25.303218
793	Gualmatan	\N	21	2026-01-31 19:14:25.307302	2026-01-31 19:14:25.307302
794	Iles	\N	21	2026-01-31 19:14:25.310897	2026-01-31 19:14:25.310897
795	Imues	\N	21	2026-01-31 19:14:25.316675	2026-01-31 19:14:25.316675
796	Ipiales	\N	21	2026-01-31 19:14:25.321895	2026-01-31 19:14:25.321895
797	La Cruz	\N	21	2026-01-31 19:14:25.325695	2026-01-31 19:14:25.325695
798	La Florida	\N	21	2026-01-31 19:14:25.340311	2026-01-31 19:14:25.340311
799	La Llanada	\N	21	2026-01-31 19:14:25.345529	2026-01-31 19:14:25.345529
800	La Tola	\N	21	2026-01-31 19:14:25.354023	2026-01-31 19:14:25.354023
801	La Unión	\N	21	2026-01-31 19:14:25.358193	2026-01-31 19:14:25.358193
802	Leiva	\N	21	2026-01-31 19:14:25.364061	2026-01-31 19:14:25.364061
803	Linares	\N	21	2026-01-31 19:14:25.368715	2026-01-31 19:14:25.368715
804	Los Andes (Sotomayor)	\N	21	2026-01-31 19:14:25.374746	2026-01-31 19:14:25.374746
805	Magüi (Payán)	\N	21	2026-01-31 19:14:25.379351	2026-01-31 19:14:25.379351
806	Mallama (Piedrancha)	\N	21	2026-01-31 19:14:25.398453	2026-01-31 19:14:25.398453
807	Mosquera	\N	21	2026-01-31 19:14:25.40233	2026-01-31 19:14:25.40233
808	Nariño	\N	21	2026-01-31 19:14:25.407568	2026-01-31 19:14:25.407568
809	Olaya Herrera	\N	21	2026-01-31 19:14:25.419275	2026-01-31 19:14:25.419275
810	Ospina	\N	21	2026-01-31 19:14:25.424864	2026-01-31 19:14:25.424864
811	Pasto	\N	21	2026-01-31 19:14:25.434041	2026-01-31 19:14:25.434041
812	Policarpa	\N	21	2026-01-31 19:14:25.441092	2026-01-31 19:14:25.441092
813	Potosí	\N	21	2026-01-31 19:14:25.447508	2026-01-31 19:14:25.447508
814	Providencia	\N	21	2026-01-31 19:14:25.456853	2026-01-31 19:14:25.456853
815	Puerres	\N	21	2026-01-31 19:14:25.461699	2026-01-31 19:14:25.461699
816	Pupiales	\N	21	2026-01-31 19:14:25.469755	2026-01-31 19:14:25.469755
817	Ricaurte	\N	21	2026-01-31 19:14:25.475968	2026-01-31 19:14:25.475968
818	Roberto Payán (San José)	\N	21	2026-01-31 19:14:25.482096	2026-01-31 19:14:25.482096
819	Samaniego	\N	21	2026-01-31 19:14:25.487862	2026-01-31 19:14:25.487862
820	Sandona	\N	21	2026-01-31 19:14:25.491686	2026-01-31 19:14:25.491686
821	San Bernardo	\N	21	2026-01-31 19:14:25.495437	2026-01-31 19:14:25.495437
822	San Lorenzo	\N	21	2026-01-31 19:14:25.505276	2026-01-31 19:14:25.505276
823	San Pablo	\N	21	2026-01-31 19:14:25.508767	2026-01-31 19:14:25.508767
824	San Pedro de Cartago	\N	21	2026-01-31 19:14:25.516193	2026-01-31 19:14:25.516193
825	Santa Bárbara (Iscuandé)	\N	21	2026-01-31 19:14:25.521483	2026-01-31 19:14:25.521483
826	Santacruz (Guachavés)	\N	21	2026-01-31 19:14:25.524955	2026-01-31 19:14:25.524955
827	Sapuyés	\N	21	2026-01-31 19:14:25.528577	2026-01-31 19:14:25.528577
828	Taminango	\N	21	2026-01-31 19:14:25.535185	2026-01-31 19:14:25.535185
829	Tangua	\N	21	2026-01-31 19:14:25.54108	2026-01-31 19:14:25.54108
830	Tumaco	\N	21	2026-01-31 19:14:25.544674	2026-01-31 19:14:25.544674
831	Tuquerres	\N	21	2026-01-31 19:14:25.551881	2026-01-31 19:14:25.551881
832	Yacuanquer	\N	21	2026-01-31 19:14:25.556298	2026-01-31 19:14:25.556298
833	Abrego	\N	22	2026-01-31 19:15:27.082598	2026-01-31 19:15:27.082598
834	Arboledas	\N	22	2026-01-31 19:15:27.10864	2026-01-31 19:15:27.10864
835	Bochalema	\N	22	2026-01-31 19:15:27.113062	2026-01-31 19:15:27.113062
836	Bucarasica	\N	22	2026-01-31 19:15:27.117136	2026-01-31 19:15:27.117136
837	Cácota	\N	22	2026-01-31 19:15:27.122274	2026-01-31 19:15:27.122274
838	Cáchira	\N	22	2026-01-31 19:15:27.126276	2026-01-31 19:15:27.126276
839	Chinácota	\N	22	2026-01-31 19:15:27.129785	2026-01-31 19:15:27.129785
840	Chitaga	\N	22	2026-01-31 19:15:27.133116	2026-01-31 19:15:27.133116
841	Convención	\N	22	2026-01-31 19:15:27.137901	2026-01-31 19:15:27.137901
842	Cúcuta	\N	22	2026-01-31 19:15:27.143883	2026-01-31 19:15:27.143883
843	Cucutilla	\N	22	2026-01-31 19:15:27.147503	2026-01-31 19:15:27.147503
844	Durania	\N	22	2026-01-31 19:15:27.150694	2026-01-31 19:15:27.150694
845	El Carmen	\N	22	2026-01-31 19:15:27.154897	2026-01-31 19:15:27.154897
846	El Tarra	\N	22	2026-01-31 19:15:27.158313	2026-01-31 19:15:27.158313
847	El Zulia	\N	22	2026-01-31 19:15:27.161454	2026-01-31 19:15:27.161454
848	Gramalote	\N	22	2026-01-31 19:15:27.164574	2026-01-31 19:15:27.164574
849	Hacari	\N	22	2026-01-31 19:15:27.167724	2026-01-31 19:15:27.167724
850	Herran	\N	22	2026-01-31 19:15:27.172477	2026-01-31 19:15:27.172477
851	Labateca	\N	22	2026-01-31 19:15:27.175783	2026-01-31 19:15:27.175783
852	La Esperanza	\N	22	2026-01-31 19:15:27.178876	2026-01-31 19:15:27.178876
853	La Playa	\N	22	2026-01-31 19:15:27.182129	2026-01-31 19:15:27.182129
854	Los Patios	\N	22	2026-01-31 19:15:27.185237	2026-01-31 19:15:27.185237
855	Lourdes	\N	22	2026-01-31 19:15:27.190508	2026-01-31 19:15:27.190508
856	Mutiscua	\N	22	2026-01-31 19:15:27.193716	2026-01-31 19:15:27.193716
857	Ocaña	\N	22	2026-01-31 19:15:27.197009	2026-01-31 19:15:27.197009
858	Pamplona	\N	22	2026-01-31 19:15:27.200127	2026-01-31 19:15:27.200127
859	Pamplonita	\N	22	2026-01-31 19:15:27.20467	2026-01-31 19:15:27.20467
860	Puerto Santander	\N	22	2026-01-31 19:15:27.207997	2026-01-31 19:15:27.207997
861	Ragonvalia	\N	22	2026-01-31 19:15:27.211087	2026-01-31 19:15:27.211087
862	Salazar	\N	22	2026-01-31 19:15:27.214214	2026-01-31 19:15:27.214214
863	San Calixto	\N	22	2026-01-31 19:15:27.217358	2026-01-31 19:15:27.217358
864	San Cayetano	\N	22	2026-01-31 19:15:27.222934	2026-01-31 19:15:27.222934
865	Santiago	\N	22	2026-01-31 19:15:27.226834	2026-01-31 19:15:27.226834
866	Sardinata	\N	22	2026-01-31 19:15:27.230377	2026-01-31 19:15:27.230377
867	Silos	\N	22	2026-01-31 19:15:27.233899	2026-01-31 19:15:27.233899
868	Teorama	\N	22	2026-01-31 19:15:27.239845	2026-01-31 19:15:27.239845
869	Tibú	\N	22	2026-01-31 19:15:27.243704	2026-01-31 19:15:27.243704
870	Toledo	\N	22	2026-01-31 19:15:27.247355	2026-01-31 19:15:27.247355
871	Villa Caro	\N	22	2026-01-31 19:15:27.251033	2026-01-31 19:15:27.251033
872	Villa del Rosario	\N	22	2026-01-31 19:15:27.256023	2026-01-31 19:15:27.256023
873	Colón	\N	23	2026-01-31 20:11:03.709773	2026-01-31 20:11:03.709773
874	Mocoa	\N	23	2026-01-31 20:11:03.739231	2026-01-31 20:11:03.739231
875	Orito	\N	23	2026-01-31 20:11:03.744059	2026-01-31 20:11:03.744059
876	Puerto Asís	\N	23	2026-01-31 20:11:03.750059	2026-01-31 20:11:03.750059
877	Puerto Caicedo	\N	23	2026-01-31 20:11:03.75473	2026-01-31 20:11:03.75473
878	Puerto Guzmán	\N	23	2026-01-31 20:11:03.758549	2026-01-31 20:11:03.758549
879	Puerto Leguizamo	\N	23	2026-01-31 20:11:03.762252	2026-01-31 20:11:03.762252
880	San Francisco	\N	23	2026-01-31 20:11:03.769629	2026-01-31 20:11:03.769629
881	San Miguel (La Dorada)	\N	23	2026-01-31 20:11:03.774043	2026-01-31 20:11:03.774043
882	Santiago	\N	23	2026-01-31 20:11:03.779005	2026-01-31 20:11:03.779005
883	Sibundoy	\N	23	2026-01-31 20:11:03.786093	2026-01-31 20:11:03.786093
884	Valle del Guamuez (La Hormiga)	\N	23	2026-01-31 20:11:03.793742	2026-01-31 20:11:03.793742
885	Villagarzón	\N	23	2026-01-31 20:11:03.798373	2026-01-31 20:11:03.798373
886	Armenia	\N	24	2026-01-31 20:11:37.374844	2026-01-31 20:11:37.374844
887	Buenavista	\N	24	2026-01-31 20:11:37.400069	2026-01-31 20:11:37.400069
888	Calarcá	\N	24	2026-01-31 20:11:37.404757	2026-01-31 20:11:37.404757
889	Circasia	\N	24	2026-01-31 20:11:37.409131	2026-01-31 20:11:37.409131
890	Córdoba	\N	24	2026-01-31 20:11:37.413184	2026-01-31 20:11:37.413184
891	Filandia	\N	24	2026-01-31 20:11:37.418575	2026-01-31 20:11:37.418575
892	Génova	\N	24	2026-01-31 20:11:37.42221	2026-01-31 20:11:37.42221
893	La Tebaida	\N	24	2026-01-31 20:11:37.425519	2026-01-31 20:11:37.425519
894	Montenegro	\N	24	2026-01-31 20:11:37.429496	2026-01-31 20:11:37.429496
895	Pijao	\N	24	2026-01-31 20:11:37.436113	2026-01-31 20:11:37.436113
896	Quimbaya	\N	24	2026-01-31 20:11:37.439869	2026-01-31 20:11:37.439869
897	Salento	\N	24	2026-01-31 20:11:37.443143	2026-01-31 20:11:37.443143
898	Apía	\N	25	2026-01-31 20:12:24.212808	2026-01-31 20:12:24.212808
899	Balboa	\N	25	2026-01-31 20:12:24.234237	2026-01-31 20:12:24.234237
900	Belén de Umbría	\N	25	2026-01-31 20:12:24.241485	2026-01-31 20:12:24.241485
901	Dosquebradas	\N	25	2026-01-31 20:12:24.245723	2026-01-31 20:12:24.245723
902	Guática	\N	25	2026-01-31 20:12:24.249657	2026-01-31 20:12:24.249657
903	La Celia	\N	25	2026-01-31 20:12:24.257277	2026-01-31 20:12:24.257277
904	La Virginia	\N	25	2026-01-31 20:12:24.261289	2026-01-31 20:12:24.261289
905	Marsella	\N	25	2026-01-31 20:12:24.265335	2026-01-31 20:12:24.265335
906	Mistrató	\N	25	2026-01-31 20:12:24.271821	2026-01-31 20:12:24.271821
907	Pereira	\N	25	2026-01-31 20:12:24.28045	2026-01-31 20:12:24.28045
908	Pueblo Rico	\N	25	2026-01-31 20:12:24.284715	2026-01-31 20:12:24.284715
909	Quinchía	\N	25	2026-01-31 20:12:24.294434	2026-01-31 20:12:24.294434
910	Santa Rosa de Cabal	\N	25	2026-01-31 20:12:24.298054	2026-01-31 20:12:24.298054
911	Santuario	\N	25	2026-01-31 20:12:24.302022	2026-01-31 20:12:24.302022
912	San Andrés	\N	26	2026-01-31 20:13:36.302259	2026-01-31 20:13:36.302259
913	Providencia	\N	26	2026-01-31 20:13:36.327131	2026-01-31 20:13:36.327131
914	Aguada	\N	27	2026-01-31 20:14:23.640744	2026-01-31 20:14:23.640744
915	Albania	\N	27	2026-01-31 20:14:23.65337	2026-01-31 20:14:23.65337
916	Aratoca	\N	27	2026-01-31 20:14:23.658284	2026-01-31 20:14:23.658284
917	Barbosa	\N	27	2026-01-31 20:14:23.662645	2026-01-31 20:14:23.662645
918	Barichara	\N	27	2026-01-31 20:14:23.666645	2026-01-31 20:14:23.666645
919	Barrancabermeja	\N	27	2026-01-31 20:14:23.670972	2026-01-31 20:14:23.670972
920	Betulia	\N	27	2026-01-31 20:14:23.676514	2026-01-31 20:14:23.676514
921	Bolívar	\N	27	2026-01-31 20:14:23.680055	2026-01-31 20:14:23.680055
922	Bucaramanga	\N	27	2026-01-31 20:14:23.684181	2026-01-31 20:14:23.684181
923	Cabrera	\N	27	2026-01-31 20:14:23.690095	2026-01-31 20:14:23.690095
924	California	\N	27	2026-01-31 20:14:23.693983	2026-01-31 20:14:23.693983
925	Capitanejo	\N	27	2026-01-31 20:14:23.697338	2026-01-31 20:14:23.697338
926	Carcasí	\N	27	2026-01-31 20:14:23.700588	2026-01-31 20:14:23.700588
927	Cepita	\N	27	2026-01-31 20:14:23.704297	2026-01-31 20:14:23.704297
928	Cerrito	\N	27	2026-01-31 20:14:23.708538	2026-01-31 20:14:23.708538
929	Charta	\N	27	2026-01-31 20:14:23.711877	2026-01-31 20:14:23.711877
930	Charala	\N	27	2026-01-31 20:14:23.715223	2026-01-31 20:14:23.715223
931	Chima	\N	27	2026-01-31 20:14:23.718957	2026-01-31 20:14:23.718957
932	Chipata	\N	27	2026-01-31 20:14:23.733053	2026-01-31 20:14:23.733053
933	Cimitarra	\N	27	2026-01-31 20:14:23.736648	2026-01-31 20:14:23.736648
934	Concepción	\N	27	2026-01-31 20:14:23.741591	2026-01-31 20:14:23.741591
935	Confines	\N	27	2026-01-31 20:14:23.745395	2026-01-31 20:14:23.745395
936	Contratación	\N	27	2026-01-31 20:14:23.7517	2026-01-31 20:14:23.7517
937	Coromoro	\N	27	2026-01-31 20:14:23.75681	2026-01-31 20:14:23.75681
938	Curití	\N	27	2026-01-31 20:14:23.760694	2026-01-31 20:14:23.760694
939	El Carmen	\N	27	2026-01-31 20:14:23.765588	2026-01-31 20:14:23.765588
940	El Guacamayo	\N	27	2026-01-31 20:14:23.769405	2026-01-31 20:14:23.769405
941	El Peñón	\N	27	2026-01-31 20:14:23.807138	2026-01-31 20:14:23.807138
942	El Playón	\N	27	2026-01-31 20:14:23.811117	2026-01-31 20:14:23.811117
943	Encino	\N	27	2026-01-31 20:14:23.81472	2026-01-31 20:14:23.81472
944	Enciso	\N	27	2026-01-31 20:14:23.818627	2026-01-31 20:14:23.818627
945	Florián	\N	27	2026-01-31 20:14:23.823141	2026-01-31 20:14:23.823141
946	Floridablanca	\N	27	2026-01-31 20:14:23.82763	2026-01-31 20:14:23.82763
947	Galán	\N	27	2026-01-31 20:14:23.831813	2026-01-31 20:14:23.831813
948	Gambita	\N	27	2026-01-31 20:14:23.835535	2026-01-31 20:14:23.835535
949	Girón	\N	27	2026-01-31 20:14:23.839841	2026-01-31 20:14:23.839841
950	Guaca	\N	27	2026-01-31 20:14:23.843273	2026-01-31 20:14:23.843273
951	Guadalupe	\N	27	2026-01-31 20:14:23.847271	2026-01-31 20:14:23.847271
952	Guapota	\N	27	2026-01-31 20:14:23.851689	2026-01-31 20:14:23.851689
953	Guavata	\N	27	2026-01-31 20:14:23.855949	2026-01-31 20:14:23.855949
954	Guepsa	\N	27	2026-01-31 20:14:23.860064	2026-01-31 20:14:23.860064
955	Hato	\N	27	2026-01-31 20:14:23.863498	2026-01-31 20:14:23.863498
956	Jesús María	\N	27	2026-01-31 20:14:23.867136	2026-01-31 20:14:23.867136
957	Jordán	\N	27	2026-01-31 20:14:23.870677	2026-01-31 20:14:23.870677
958	La Belleza	\N	27	2026-01-31 20:14:23.87786	2026-01-31 20:14:23.87786
959	La Paz	\N	27	2026-01-31 20:14:23.881413	2026-01-31 20:14:23.881413
960	Landázuri	\N	27	2026-01-31 20:14:23.884923	2026-01-31 20:14:23.884923
961	Lebrija	\N	27	2026-01-31 20:14:23.889561	2026-01-31 20:14:23.889561
962	Los Santos	\N	27	2026-01-31 20:14:23.893222	2026-01-31 20:14:23.893222
963	Macaravita	\N	27	2026-01-31 20:14:23.896758	2026-01-31 20:14:23.896758
964	Málaga	\N	27	2026-01-31 20:14:23.900534	2026-01-31 20:14:23.900534
965	Matanza	\N	27	2026-01-31 20:14:23.904301	2026-01-31 20:14:23.904301
966	Mogotes	\N	27	2026-01-31 20:14:23.910398	2026-01-31 20:14:23.910398
967	Molagavita	\N	27	2026-01-31 20:14:23.913801	2026-01-31 20:14:23.913801
968	Ocamonte	\N	27	2026-01-31 20:14:23.917404	2026-01-31 20:14:23.917404
969	Oiba	\N	27	2026-01-31 20:14:23.920845	2026-01-31 20:14:23.920845
970	Onzaga	\N	27	2026-01-31 20:14:23.925944	2026-01-31 20:14:23.925944
971	Palmar	\N	27	2026-01-31 20:14:23.929411	2026-01-31 20:14:23.929411
972	Palmas del Socorro	\N	27	2026-01-31 20:14:23.933011	2026-01-31 20:14:23.933011
973	Páramo	\N	27	2026-01-31 20:14:23.936483	2026-01-31 20:14:23.936483
974	Piedecuesta	\N	27	2026-01-31 20:14:23.941253	2026-01-31 20:14:23.941253
975	Pinchote	\N	27	2026-01-31 20:14:23.944605	2026-01-31 20:14:23.944605
976	Puente Nacional	\N	27	2026-01-31 20:14:23.948408	2026-01-31 20:14:23.948408
977	Puerto Parra	\N	27	2026-01-31 20:14:23.951808	2026-01-31 20:14:23.951808
978	Puerto Wilches	\N	27	2026-01-31 20:14:23.955945	2026-01-31 20:14:23.955945
979	Rionegro	\N	27	2026-01-31 20:14:23.960634	2026-01-31 20:14:23.960634
980	Sabana de Torres	\N	27	2026-01-31 20:14:23.964043	2026-01-31 20:14:23.964043
981	San Andrés	\N	27	2026-01-31 20:14:23.967518	2026-01-31 20:14:23.967518
982	San Benito	\N	27	2026-01-31 20:14:23.97161	2026-01-31 20:14:23.97161
983	San Gil	\N	27	2026-01-31 20:14:23.976945	2026-01-31 20:14:23.976945
984	San Joaquín	\N	27	2026-01-31 20:14:23.980647	2026-01-31 20:14:23.980647
985	San José de Miranda	\N	27	2026-01-31 20:14:23.984164	2026-01-31 20:14:23.984164
986	San Miguel	\N	27	2026-01-31 20:14:23.987632	2026-01-31 20:14:23.987632
987	San Vicente de Chucurí	\N	27	2026-01-31 20:14:23.992405	2026-01-31 20:14:23.992405
988	Santa Bárbara	\N	27	2026-01-31 20:14:23.997437	2026-01-31 20:14:23.997437
989	Santa Helena del Opón	\N	27	2026-01-31 20:14:24.000988	2026-01-31 20:14:24.000988
990	Simacota	\N	27	2026-01-31 20:14:24.00531	2026-01-31 20:14:24.00531
991	Socorro	\N	27	2026-01-31 20:14:24.009186	2026-01-31 20:14:24.009186
992	Suita	\N	27	2026-01-31 20:14:24.012598	2026-01-31 20:14:24.012598
993	Sucre	\N	27	2026-01-31 20:14:24.015939	2026-01-31 20:14:24.015939
994	Suratá	\N	27	2026-01-31 20:14:24.019129	2026-01-31 20:14:24.019129
995	Tona	\N	27	2026-01-31 20:14:24.024237	2026-01-31 20:14:24.024237
996	Valle de San José	\N	27	2026-01-31 20:14:24.027791	2026-01-31 20:14:24.027791
997	Vetas	\N	27	2026-01-31 20:14:24.031105	2026-01-31 20:14:24.031105
998	Vélez	\N	27	2026-01-31 20:14:24.034279	2026-01-31 20:14:24.034279
999	Villanueva	\N	27	2026-01-31 20:14:24.037548	2026-01-31 20:14:24.037548
1000	Zapatoca	\N	27	2026-01-31 20:14:24.041923	2026-01-31 20:14:24.041923
1001	Buenavista	\N	28	2026-01-31 20:15:12.721574	2026-01-31 20:15:12.721574
1002	Caimito	\N	28	2026-01-31 20:15:12.747912	2026-01-31 20:15:12.747912
1003	Chalán	\N	28	2026-01-31 20:15:12.752698	2026-01-31 20:15:12.752698
1004	Coloso (Ricaurte)	\N	28	2026-01-31 20:15:12.758409	2026-01-31 20:15:12.758409
1005	Corozal	\N	28	2026-01-31 20:15:12.763983	2026-01-31 20:15:12.763983
1006	Coveñas	\N	28	2026-01-31 20:15:12.768512	2026-01-31 20:15:12.768512
1007	El Roble	\N	28	2026-01-31 20:15:12.77301	2026-01-31 20:15:12.77301
1008	Galeras (Nueva Granada)	\N	28	2026-01-31 20:15:12.77997	2026-01-31 20:15:12.77997
1009	Guaranda	\N	28	2026-01-31 20:15:12.784563	2026-01-31 20:15:12.784563
1010	La Unión	\N	28	2026-01-31 20:15:12.790293	2026-01-31 20:15:12.790293
1011	Los Palmitos	\N	28	2026-01-31 20:15:12.797824	2026-01-31 20:15:12.797824
1012	Majagual	\N	28	2026-01-31 20:15:12.801826	2026-01-31 20:15:12.801826
1013	Morroa	\N	28	2026-01-31 20:15:12.805245	2026-01-31 20:15:12.805245
1014	Ovejas	\N	28	2026-01-31 20:15:12.81055	2026-01-31 20:15:12.81055
1015	Palmito	\N	28	2026-01-31 20:15:12.814883	2026-01-31 20:15:12.814883
1016	Sampués	\N	28	2026-01-31 20:15:12.818342	2026-01-31 20:15:12.818342
1017	San Benito Abad	\N	28	2026-01-31 20:15:12.82165	2026-01-31 20:15:12.82165
1018	San Juan de Betulia (Betulia)	\N	28	2026-01-31 20:15:12.826189	2026-01-31 20:15:12.826189
1019	San Marcos	\N	28	2026-01-31 20:15:12.830063	2026-01-31 20:15:12.830063
1020	San Onofre	\N	28	2026-01-31 20:15:12.833129	2026-01-31 20:15:12.833129
1021	San Pedro	\N	28	2026-01-31 20:15:12.83655	2026-01-31 20:15:12.83655
1022	Sincé	\N	28	2026-01-31 20:15:12.839841	2026-01-31 20:15:12.839841
1023	Sincelejo	\N	28	2026-01-31 20:15:12.846129	2026-01-31 20:15:12.846129
1024	Sucre	\N	28	2026-01-31 20:15:12.850048	2026-01-31 20:15:12.850048
1025	Tolú	\N	28	2026-01-31 20:15:12.853613	2026-01-31 20:15:12.853613
1026	Toluviejo	\N	28	2026-01-31 20:15:12.859514	2026-01-31 20:15:12.859514
1027	Alpujarra	\N	29	2026-01-31 20:15:56.195389	2026-01-31 20:15:56.195389
1028	Alvarado	\N	29	2026-01-31 20:15:56.223635	2026-01-31 20:15:56.223635
1029	Ambalema	\N	29	2026-01-31 20:15:56.231179	2026-01-31 20:15:56.231179
1030	Anzoátegui	\N	29	2026-01-31 20:15:56.243737	2026-01-31 20:15:56.243737
1031	Armero (Guayabal)	\N	29	2026-01-31 20:15:56.259494	2026-01-31 20:15:56.259494
1032	Ataco	\N	29	2026-01-31 20:15:56.278087	2026-01-31 20:15:56.278087
1033	Cajamarca	\N	29	2026-01-31 20:15:56.292455	2026-01-31 20:15:56.292455
1034	Carmen de Apicalá	\N	29	2026-01-31 20:15:56.309136	2026-01-31 20:15:56.309136
1035	Casabianca	\N	29	2026-01-31 20:15:56.326392	2026-01-31 20:15:56.326392
1036	Chaparral	\N	29	2026-01-31 20:15:56.336615	2026-01-31 20:15:56.336615
1037	Coello	\N	29	2026-01-31 20:15:56.34188	2026-01-31 20:15:56.34188
1038	Coyaima	\N	29	2026-01-31 20:15:56.347154	2026-01-31 20:15:56.347154
1039	Cunday	\N	29	2026-01-31 20:15:56.35668	2026-01-31 20:15:56.35668
1040	Dolores	\N	29	2026-01-31 20:15:56.361173	2026-01-31 20:15:56.361173
1041	Espinal	\N	29	2026-01-31 20:15:56.365217	2026-01-31 20:15:56.365217
1042	Falán	\N	29	2026-01-31 20:15:56.377717	2026-01-31 20:15:56.377717
1043	Flandes	\N	29	2026-01-31 20:15:56.384635	2026-01-31 20:15:56.384635
1044	Fresno	\N	29	2026-01-31 20:15:56.396663	2026-01-31 20:15:56.396663
1045	Guamo	\N	29	2026-01-31 20:15:56.409153	2026-01-31 20:15:56.409153
1046	Herveo	\N	29	2026-01-31 20:15:56.419551	2026-01-31 20:15:56.419551
1047	Honda	\N	29	2026-01-31 20:15:56.453751	2026-01-31 20:15:56.453751
1048	Ibagué	\N	29	2026-01-31 20:15:56.464271	2026-01-31 20:15:56.464271
1049	Icononzo	\N	29	2026-01-31 20:15:56.521472	2026-01-31 20:15:56.521472
1050	Lérida	\N	29	2026-01-31 20:15:56.553231	2026-01-31 20:15:56.553231
1051	Líbano	\N	29	2026-01-31 20:15:56.604339	2026-01-31 20:15:56.604339
1052	Mariquita	\N	29	2026-01-31 20:15:56.645532	2026-01-31 20:15:56.645532
1053	Melgar	\N	29	2026-01-31 20:15:56.707476	2026-01-31 20:15:56.707476
1054	Murillo	\N	29	2026-01-31 20:15:56.756971	2026-01-31 20:15:56.756971
1055	Natagaima	\N	29	2026-01-31 20:15:56.820112	2026-01-31 20:15:56.820112
1056	Ortega	\N	29	2026-01-31 20:15:56.855604	2026-01-31 20:15:56.855604
1057	Palocabildo	\N	29	2026-01-31 20:15:56.887475	2026-01-31 20:15:56.887475
1058	Piedras	\N	29	2026-01-31 20:15:56.908096	2026-01-31 20:15:56.908096
1059	Planadas	\N	29	2026-01-31 20:15:56.924188	2026-01-31 20:15:56.924188
1060	Prado	\N	29	2026-01-31 20:15:56.941475	2026-01-31 20:15:56.941475
1061	Purificación	\N	29	2026-01-31 20:15:56.956798	2026-01-31 20:15:56.956798
1062	Rioblanco	\N	29	2026-01-31 20:15:56.980334	2026-01-31 20:15:56.980334
1063	Roncesvalles	\N	29	2026-01-31 20:15:57.021872	2026-01-31 20:15:57.021872
1064	Rovira	\N	29	2026-01-31 20:15:57.035303	2026-01-31 20:15:57.035303
1065	Saldaña	\N	29	2026-01-31 20:15:57.058642	2026-01-31 20:15:57.058642
1066	San Antonio	\N	29	2026-01-31 20:15:57.086935	2026-01-31 20:15:57.086935
1067	San Luis	\N	29	2026-01-31 20:15:57.103991	2026-01-31 20:15:57.103991
1068	Santa Isabel	\N	29	2026-01-31 20:15:57.124252	2026-01-31 20:15:57.124252
1069	Suárez	\N	29	2026-01-31 20:15:57.140942	2026-01-31 20:15:57.140942
1070	Valle de San Juan	\N	29	2026-01-31 20:15:57.156969	2026-01-31 20:15:57.156969
1071	Venadillo	\N	29	2026-01-31 20:15:57.176194	2026-01-31 20:15:57.176194
1072	Villahermosa	\N	29	2026-01-31 20:15:57.190938	2026-01-31 20:15:57.190938
1073	Villarrica	\N	29	2026-01-31 20:15:57.209077	2026-01-31 20:15:57.209077
1074	Alcalá	\N	32	2026-01-31 20:16:35.019611	2026-01-31 20:16:35.019611
1075	Andalucía	\N	32	2026-01-31 20:16:35.045962	2026-01-31 20:16:35.045962
1076	Ansermanutevo	\N	32	2026-01-31 20:16:35.051699	2026-01-31 20:16:35.051699
1077	Argelia	\N	32	2026-01-31 20:16:35.056477	2026-01-31 20:16:35.056477
1078	Bolívar	\N	32	2026-01-31 20:16:35.060978	2026-01-31 20:16:35.060978
1079	Buenaventura	\N	32	2026-01-31 20:16:35.068807	2026-01-31 20:16:35.068807
1080	Buga	\N	32	2026-01-31 20:16:35.072978	2026-01-31 20:16:35.072978
1081	Bugalagrande	\N	32	2026-01-31 20:16:35.076907	2026-01-31 20:16:35.076907
1082	Caicedonia	\N	32	2026-01-31 20:16:35.085448	2026-01-31 20:16:35.085448
1083	Cali	\N	32	2026-01-31 20:16:35.090884	2026-01-31 20:16:35.090884
1084	Calima (Darién)	\N	32	2026-01-31 20:16:35.095441	2026-01-31 20:16:35.095441
1085	Candelaria	\N	32	2026-01-31 20:16:35.10062	2026-01-31 20:16:35.10062
1086	Cartago	\N	32	2026-01-31 20:16:35.104259	2026-01-31 20:16:35.104259
1087	Dagua	\N	32	2026-01-31 20:16:35.109083	2026-01-31 20:16:35.109083
1088	El Águila	\N	32	2026-01-31 20:16:35.114683	2026-01-31 20:16:35.114683
1089	El Cairo	\N	32	2026-01-31 20:16:35.120635	2026-01-31 20:16:35.120635
1090	El Cerrito	\N	32	2026-01-31 20:16:35.124811	2026-01-31 20:16:35.124811
1091	El Dovio	\N	32	2026-01-31 20:16:35.129693	2026-01-31 20:16:35.129693
1092	Florida	\N	32	2026-01-31 20:16:35.133702	2026-01-31 20:16:35.133702
1093	Ginebra	\N	32	2026-01-31 20:16:35.137413	2026-01-31 20:16:35.137413
1094	Guacari	\N	32	2026-01-31 20:16:35.141383	2026-01-31 20:16:35.141383
1095	Jamundí	\N	32	2026-01-31 20:16:35.145349	2026-01-31 20:16:35.145349
1096	La Cumbre	\N	32	2026-01-31 20:16:35.152743	2026-01-31 20:16:35.152743
1097	La Unión	\N	32	2026-01-31 20:16:35.156391	2026-01-31 20:16:35.156391
1098	La Victoria	\N	32	2026-01-31 20:16:35.159906	2026-01-31 20:16:35.159906
1099	Obando	\N	32	2026-01-31 20:16:35.166602	2026-01-31 20:16:35.166602
1100	Palmira	\N	32	2026-01-31 20:16:35.170108	2026-01-31 20:16:35.170108
1101	Pradera	\N	32	2026-01-31 20:16:35.173403	2026-01-31 20:16:35.173403
1102	Restrepo	\N	32	2026-01-31 20:16:35.176611	2026-01-31 20:16:35.176611
1103	Riofrío	\N	32	2026-01-31 20:16:35.182158	2026-01-31 20:16:35.182158
1104	Roldanillo	\N	32	2026-01-31 20:16:35.185684	2026-01-31 20:16:35.185684
1105	San Pedro	\N	32	2026-01-31 20:16:35.189052	2026-01-31 20:16:35.189052
1106	Sevilla	\N	32	2026-01-31 20:16:35.192718	2026-01-31 20:16:35.192718
1107	Toro	\N	32	2026-01-31 20:16:35.198096	2026-01-31 20:16:35.198096
1108	Trujillo	\N	32	2026-01-31 20:16:35.201681	2026-01-31 20:16:35.201681
1109	Tuluá	\N	32	2026-01-31 20:16:35.20495	2026-01-31 20:16:35.20495
1110	Ulloa	\N	32	2026-01-31 20:16:35.208394	2026-01-31 20:16:35.208394
1111	Versalles	\N	32	2026-01-31 20:16:35.21451	2026-01-31 20:16:35.21451
1112	Vijes	\N	32	2026-01-31 20:16:35.218104	2026-01-31 20:16:35.218104
1113	Yotoco	\N	32	2026-01-31 20:16:35.222009	2026-01-31 20:16:35.222009
1114	Yumbo	\N	32	2026-01-31 20:16:35.22571	2026-01-31 20:16:35.22571
1115	Zarzal	\N	32	2026-01-31 20:16:35.231991	2026-01-31 20:16:35.231991
1116	Buenos Aires (Pacoa)	\N	30	2026-01-31 20:18:29.795673	2026-01-31 20:18:29.795673
1117	Caruru	\N	30	2026-01-31 20:18:29.821118	2026-01-31 20:18:29.821118
1118	Mitú	\N	30	2026-01-31 20:18:29.82583	2026-01-31 20:18:29.82583
1119	Morichal (Papunagua)	\N	30	2026-01-31 20:18:29.830603	2026-01-31 20:18:29.830603
1120	Taraira	\N	30	2026-01-31 20:18:29.835532	2026-01-31 20:18:29.835532
1121	Yavarate	\N	30	2026-01-31 20:18:29.841194	2026-01-31 20:18:29.841194
1122	Cumaribo	\N	31	2026-01-31 20:19:26.210709	2026-01-31 20:19:26.210709
1123	La Primavera	\N	31	2026-01-31 20:19:26.22444	2026-01-31 20:19:26.22444
1124	Puerto Carreño	\N	31	2026-01-31 20:19:26.228536	2026-01-31 20:19:26.228536
1125	Santa Rosalía	\N	31	2026-01-31 20:19:26.234189	2026-01-31 20:19:26.234189
\.


--
-- Data for Name: users; Type: TABLE DATA; Schema: public; Owner: postgres
--

COPY public.users (id, email, password, "createdAt", "updatedAt") FROM stdin;
3	digitador1@digital.com	$2b$10$HXnJP1rvRUSa95haKcG0oeah/dL4j86Oyh/OU5mVwAD95cFMeLvaK	2026-01-28 21:24:06.5636	2026-01-28 21:24:06.5636
4	digitador2@digital.com	$2b$10$S43b5TFKdqPRggZHSnLNj.sVAH0fEYnBbdCQTBjLKL4ggFuo1eFjy	2026-01-28 21:24:19.996363	2026-01-28 21:24:19.996363
5	digitador3@digital.com	$2b$10$Ye6rCfQyO0GSJtKRqcW4LOjTTTxO3TCSoSzCZ9C0zLo8li3eWmt0K	2026-01-28 21:24:31.61434	2026-01-28 21:24:31.61434
\.


--
-- Data for Name: voters; Type: TABLE DATA; Schema: public; Owner: postgres
--

COPY public.voters (id, "firstName", "lastName", identification, gender, "bloodType", "birthDate", phone, neighborhood, email, occupation, "votingLocation", "votingBooth", "politicalStatus", "createdAt", "updatedAt", address, "departmentId", "municipalityId") FROM stdin;
1	Jose	Diaz	1005646952	\N	\N	\N	\N	\N	\N	\N	Inedsajuba	4	Active	2026-01-31 20:23:03.66024	2026-01-31 20:23:03.66024	\N	28	1018
\.


--
-- Name: candidate_voter_id_seq; Type: SEQUENCE SET; Schema: public; Owner: postgres
--

SELECT pg_catalog.setval('public.candidate_voter_id_seq', 2, true);


--
-- Name: candidates_id_seq; Type: SEQUENCE SET; Schema: public; Owner: postgres
--

SELECT pg_catalog.setval('public.candidates_id_seq', 7, true);


--
-- Name: corporations_id_seq; Type: SEQUENCE SET; Schema: public; Owner: postgres
--

SELECT pg_catalog.setval('public.corporations_id_seq', 3, true);


--
-- Name: departments_id_seq; Type: SEQUENCE SET; Schema: public; Owner: postgres
--

SELECT pg_catalog.setval('public.departments_id_seq', 32, true);


--
-- Name: leaders_id_seq; Type: SEQUENCE SET; Schema: public; Owner: postgres
--

SELECT pg_catalog.setval('public.leaders_id_seq', 34, true);


--
-- Name: municipalities_id_seq; Type: SEQUENCE SET; Schema: public; Owner: postgres
--

SELECT pg_catalog.setval('public.municipalities_id_seq', 1125, true);


--
-- Name: users_id_seq; Type: SEQUENCE SET; Schema: public; Owner: postgres
--

SELECT pg_catalog.setval('public.users_id_seq', 5, true);


--
-- Name: voters_id_seq; Type: SEQUENCE SET; Schema: public; Owner: postgres
--

SELECT pg_catalog.setval('public.voters_id_seq', 1, true);


--
-- Name: candidates PK_140681296bf033ab1eb95288abb; Type: CONSTRAINT; Schema: public; Owner: postgres
--

ALTER TABLE ONLY public.candidates
    ADD CONSTRAINT "PK_140681296bf033ab1eb95288abb" PRIMARY KEY (id);


--
-- Name: candidate_leader PK_1b5a712e603b2b11a24334eb313; Type: CONSTRAINT; Schema: public; Owner: postgres
--

ALTER TABLE ONLY public.candidate_leader
    ADD CONSTRAINT "PK_1b5a712e603b2b11a24334eb313" PRIMARY KEY (candidate_id, leader_id);


--
-- Name: corporations PK_3a8cb4ffa196174e92ccc299b00; Type: CONSTRAINT; Schema: public; Owner: postgres
--

ALTER TABLE ONLY public.corporations
    ADD CONSTRAINT "PK_3a8cb4ffa196174e92ccc299b00" PRIMARY KEY (id);


--
-- Name: leaders PK_6035d2826e63f39b50a34901d36; Type: CONSTRAINT; Schema: public; Owner: postgres
--

ALTER TABLE ONLY public.leaders
    ADD CONSTRAINT "PK_6035d2826e63f39b50a34901d36" PRIMARY KEY (id);


--
-- Name: departments PK_839517a681a86bb84cbcc6a1e9d; Type: CONSTRAINT; Schema: public; Owner: postgres
--

ALTER TABLE ONLY public.departments
    ADD CONSTRAINT "PK_839517a681a86bb84cbcc6a1e9d" PRIMARY KEY (id);


--
-- Name: municipalities PK_9c4573349577306f221dda4d924; Type: CONSTRAINT; Schema: public; Owner: postgres
--

ALTER TABLE ONLY public.municipalities
    ADD CONSTRAINT "PK_9c4573349577306f221dda4d924" PRIMARY KEY (id);


--
-- Name: users PK_a3ffb1c0c8416b9fc6f907b7433; Type: CONSTRAINT; Schema: public; Owner: postgres
--

ALTER TABLE ONLY public.users
    ADD CONSTRAINT "PK_a3ffb1c0c8416b9fc6f907b7433" PRIMARY KEY (id);


--
-- Name: voters PK_a58842a42a7c48bc3efebb0a305; Type: CONSTRAINT; Schema: public; Owner: postgres
--

ALTER TABLE ONLY public.voters
    ADD CONSTRAINT "PK_a58842a42a7c48bc3efebb0a305" PRIMARY KEY (id);


--
-- Name: voters UQ_52c4af0d6cf51230fecc86d98b5; Type: CONSTRAINT; Schema: public; Owner: postgres
--

ALTER TABLE ONLY public.voters
    ADD CONSTRAINT "UQ_52c4af0d6cf51230fecc86d98b5" UNIQUE (email);


--
-- Name: departments UQ_8681da666ad9699d568b3e91064; Type: CONSTRAINT; Schema: public; Owner: postgres
--

ALTER TABLE ONLY public.departments
    ADD CONSTRAINT "UQ_8681da666ad9699d568b3e91064" UNIQUE (name);


--
-- Name: users UQ_97672ac88f789774dd47f7c8be3; Type: CONSTRAINT; Schema: public; Owner: postgres
--

ALTER TABLE ONLY public.users
    ADD CONSTRAINT "UQ_97672ac88f789774dd47f7c8be3" UNIQUE (email);


--
-- Name: voters UQ_b60147b13092c49fd5842e4609b; Type: CONSTRAINT; Schema: public; Owner: postgres
--

ALTER TABLE ONLY public.voters
    ADD CONSTRAINT "UQ_b60147b13092c49fd5842e4609b" UNIQUE (identification);


--
-- Name: candidate_voter candidate_voter_pkey; Type: CONSTRAINT; Schema: public; Owner: postgres
--

ALTER TABLE ONLY public.candidate_voter
    ADD CONSTRAINT candidate_voter_pkey PRIMARY KEY (id);


--
-- Name: IDX_cd03501660a4954bba82eb55e6; Type: INDEX; Schema: public; Owner: postgres
--

CREATE INDEX "IDX_cd03501660a4954bba82eb55e6" ON public.candidate_leader USING btree (candidate_id);


--
-- Name: IDX_ff3ddf58756b5724b617d6a27d; Type: INDEX; Schema: public; Owner: postgres
--

CREATE INDEX "IDX_ff3ddf58756b5724b617d6a27d" ON public.candidate_leader USING btree (leader_id);


--
-- Name: voters FK_4f7e43334f6d907237609fc062f; Type: FK CONSTRAINT; Schema: public; Owner: postgres
--

ALTER TABLE ONLY public.voters
    ADD CONSTRAINT "FK_4f7e43334f6d907237609fc062f" FOREIGN KEY ("departmentId") REFERENCES public.departments(id);


--
-- Name: voters FK_585091563505572820a2a44bef4; Type: FK CONSTRAINT; Schema: public; Owner: postgres
--

ALTER TABLE ONLY public.voters
    ADD CONSTRAINT "FK_585091563505572820a2a44bef4" FOREIGN KEY ("municipalityId") REFERENCES public.municipalities(id);


--
-- Name: municipalities FK_b9cb05d16adb0fb3176107342e2; Type: FK CONSTRAINT; Schema: public; Owner: postgres
--

ALTER TABLE ONLY public.municipalities
    ADD CONSTRAINT "FK_b9cb05d16adb0fb3176107342e2" FOREIGN KEY ("departmentId") REFERENCES public.departments(id) ON DELETE CASCADE;


--
-- Name: candidates FK_c670ed8fec7225af7a131981b5f; Type: FK CONSTRAINT; Schema: public; Owner: postgres
--

ALTER TABLE ONLY public.candidates
    ADD CONSTRAINT "FK_c670ed8fec7225af7a131981b5f" FOREIGN KEY (corporation_id) REFERENCES public.corporations(id);


--
-- Name: candidate_leader FK_cd03501660a4954bba82eb55e66; Type: FK CONSTRAINT; Schema: public; Owner: postgres
--

ALTER TABLE ONLY public.candidate_leader
    ADD CONSTRAINT "FK_cd03501660a4954bba82eb55e66" FOREIGN KEY (candidate_id) REFERENCES public.candidates(id) ON UPDATE CASCADE ON DELETE CASCADE;


--
-- Name: candidate_leader FK_ff3ddf58756b5724b617d6a27d4; Type: FK CONSTRAINT; Schema: public; Owner: postgres
--

ALTER TABLE ONLY public.candidate_leader
    ADD CONSTRAINT "FK_ff3ddf58756b5724b617d6a27d4" FOREIGN KEY (leader_id) REFERENCES public.leaders(id);


--
-- Name: candidate_voter candidate_voter_candidate_id_fkey; Type: FK CONSTRAINT; Schema: public; Owner: postgres
--

ALTER TABLE ONLY public.candidate_voter
    ADD CONSTRAINT candidate_voter_candidate_id_fkey FOREIGN KEY (candidate_id) REFERENCES public.candidates(id);


--
-- Name: candidate_voter candidate_voter_leader_id_fkey; Type: FK CONSTRAINT; Schema: public; Owner: postgres
--

ALTER TABLE ONLY public.candidate_voter
    ADD CONSTRAINT candidate_voter_leader_id_fkey FOREIGN KEY (leader_id) REFERENCES public.leaders(id);


--
-- Name: candidate_voter candidate_voter_voter_id_fkey; Type: FK CONSTRAINT; Schema: public; Owner: postgres
--

ALTER TABLE ONLY public.candidate_voter
    ADD CONSTRAINT candidate_voter_voter_id_fkey FOREIGN KEY (voter_id) REFERENCES public.voters(id);


--
-- PostgreSQL database dump complete
--

\unrestrict 0MYA8LvuVc0M3zm192JU41WG8ZwcFjkOSfQZlkDuFWKjYsu1YzeI3quntHMousv

